inv_code,inv_name,unit_price
RIMC-HLM-DJA-WG-M,Helm Doja White M,
RIMC-HLM-DJA-WG-L,Helm Doja White L,
RIMC-HLM-DJA-WG-XL,Helm Doja White XL,
RIMC-HLM-DJA-BGI-M,Helm Doja Beige M,
RIMC-HLM-DJA-BGI-L,Helm Doja Beige L,
RIMC-HLM-DJA-BGI-XL,Helm Doja Beige XL,
RIMC-HLM-DJA-BG-M,Helm Doja Black Glossy M,
RIMC-HLM-DJA-BG-L,Helm Doja Black Glossy L,
RIMC-HLM-DJA-BG-XL,Helm Doja Black Glossy XL,
RIMC-HLM-DJA-MB-M,Helm Doja Black Matte M,
RIMC-HLM-DJA-MB-L,Helm Doja Black Matte L,
RIMC-HLM-DJA-MB-XL,Helm Doja Black Matte XL,
RIMC-HLM-DJA-ORN-M,Helm Doja Orange Glossy M,
RIMC-HLM-DJA-ORN-L,Helm Doja Orange Glossy L,
RIMC-HLM-DJA-ORN-XL,Helm Doja Orange Glossy XL,
RIMC-HLM-DJA-YL-M,Helm Doja Yellow Glossy M,
RIMC-HLM-DJA-YL-L,Helm Doja Yellow Glossy L,
RIMC-HLM-DJA-YL-XL,Helm Doja Yellow Glossy XL,
RIMC-HLM-DJA-RD-M,Helm Doja Red Glossy M,
RIMC-HLM-DJA-RD-L,Helm Doja Red Glossy L,
RIMC-HLM-DJA-RD-XL,Helm Doja Red Glossy XL,
RIMC-HLM-DJA-SVR-M,Helm Doja Silver Glossy M,
RIMC-HLM-DJA-SVR-L,Helm Doja Silver Glossy L,
RIMC-HLM-DJA-SVR-XL,Helm Doja Silver Glossy XL,
RIMC-HLM-DJX-BG-M,Helm Doja X Black Glossy M,
RIMC-HLM-DJX-BG-L,Helm Doja X Black Glossy L,
RIMC-HLM-DJX-BG-XL,Helm Doja X Black Glossy XL,
RIMC-HLM-DJX-MB-M,Helm Doja X Black Matte M,
RIMC-HLM-DJX-MB-L,Helm Doja X Black Matte L,
RIMC-HLM-DJX-MB-XL,Helm Doja X Black Matte XL,
RIMC-HLM-DJX-WG-M,Helm Doja X White M,
RIMC-HLM-DJX-WG-L,Helm Doja X White L,
RIMC-HLM-DJX-WG-XL,Helm Doja X White XL,
RIMC-HLM-DJX-BGI-M,Helm Doja X Beige Glossy M,
RIMC-HLM-DJX-BGI-L,Helm Doja X Beige Glossy L,
RIMC-HLM-DJX-BGI-XL,Helm Doja X Beige Glossy XL,
RIMC-HLM-500-TX-BLK-GLS-S-M,Helm Slim 500TX Black Glossy S-M,
RIMC-HLM-500-TX-BLK-GLS-L-XL,Helm Slim 500TX Black Glossy L-XL,
RIMC-HLM-500-TX-BLK-DOP-S-M,Helm Slim 500TX Black Matte S-M,
RIMC-HLM-500-TX-BLK-DOP-L-XL,Helm Slim 500TX Black Matte L-XL,
RIMC-HLM-500-TX-WHT-GLS-S-M,Helm Slim 500TX White S-M,
RIMC-HLM-500-TX-WHT-GLS-L-XL,Helm Slim 500TX White L-XL,
RIMC-HLM-500-TX-BEI-GLS-S-M,Helm Slim 500TX Beige S-M,
RIMC-HLM-500-TX-BEI-GLS-L-XL,Helm Slim 500TX Beige L-XL,
RIMC-HLM-500-TX-ORN-GLS-S-M,Helm Slim 500TX Orange Glossy S-M,
RIMC-HLM-500-TX-ORN-GLS-L-XL,Helm Slim 500TX Orange Glossy L-XL,
RIMC-HLM-500-TX-YL-GLS-S-M,Helm Slim 500TX Yellow Glossy S-M,
RIMC-HLM-500-TX-YL-GLS-L-XL,Helm Slim 500TX Yellow Glossy L-XL,
RIMC-HLM-500-TX-RD-GLS-S-M,Helm Slim 500TX Red Glossy S-M,
RIMC-HLM-500-TX-RD-GLS-L-XL,Helm Slim 500TX Red Glossy L-XL,
RIMC-HLM-500-TX-SVR-GLS-S-M,Helm Slim 500TX Silver Glossy S-M,
RIMC-HLM-500-TX-SVR-GLS-L-XL,Helm Slim 500TX Silver Glossy L-XL,
RIMC-HLM-KDJ-BG-M,Helm Doja Kids Black Glossy M,
RIMC-HLM-KDJ-BG-L,Helm Doja Kids Black Glossy L,
RIMC-HLM-KDJ-BG-XL,Helm Doja Kids Black Glossy XL,
RIMC-HLM-KDJ-MB-M,Helm Doja Kids Black Matte M,
RIMC-HLM-KDJ-MB-L,Helm Doja Kids Black Matte L,
RIMC-HLM-KDJ-MB-XL,Helm Doja Kids Black Matte XL,
RIMC-HLM-KDJ-WG-M,Helm Doja Kids White M,
RIMC-HLM-KDJ-WG-L,Helm Doja Kids White L,
RIMC-HLM-KDJ-WG-XL,Helm Doja Kids White XL,
RIMC-HLM-KDJ-BGI-M,Helm Doja Kids Beige M,
RIMC-HLM-KDJ-BGI-L,Helm Doja Kids Beige L,
RIMC-HLM-KDJ-BGI-XL,Helm Doja Kids Beige XL,
RIMC-HLM-KDJ-SVR-M,Helm Doja Kids Silver M,
RIMC-HLM-KDJ-SVR-L,Helm Doja Kids Silver L,
RIMC-HLM-KDJ-SVR-XL,Helm Doja Kids Silver XL,
RIMC-HLM-KDJ-PNK-M,Helm Doja Kids Pink M,
RIMC-HLM-KDJ-PNK-L,Helm Doja Kids Pink L,
RIMC-HLM-KDJ-PNK-XL,Helm Doja Kids Pink XL,
RIMC-HLM-KDJ-ORN-M,Helm Doja Kids Orange M,
RIMC-HLM-KDJ-ORN-L,Helm Doja Kids Orange L,
RIMC-HLM-KDJ-ORN-XL,Helm Doja Kids Orange XL,
RIMC-HLM-UNI-GLS-M,Helm Union Jack Glossy M,
RIMC-HLM-UNI-GLS-L,Helm Union Jack Glossy L,
RIMC-HLM-UNI-GLS-XL,Helm Union Jack Glossy XL,
RIMC-HLM-UNI-DOP-M,Helm Union Jack Dop M,
RIMC-HLM-UNI-DOP-L,Helm Union Jack Dop L,
RIMC-HLM-UNI-DOP-XL,Helm Union Jack Dop XL,
RIMC-HLM-NRS-PNK-M-NEW,Helm Rosa Pilot Pink Pastel M,
RIMC-HLM-NRS-PNK-L-NEW,Helm Rosa Pilot Pink Pastel L,
RIMC-HLM-NRS-PNK-XL-NEW,Helm Rosa Pilot Pink Pastel XL,
RIMC-HLM-NRS-PPL-M-NEW,Helm Rosa Pilot Purple Pastel M,
RIMC-HLM-NRS-PPL-L-NEW,Helm Rosa Pilot Purple Pastel L,
RIMC-HLM-NRS-PPL-XL-NEW,Helm Rosa Pilot Purple Pastel XL,
RIMC-HLM-NRS-BLU-M-NEW,Helm Rosa Pilot Tosca Blue M,
RIMC-HLM-NRS-BLU-L-NEW,Helm Rosa Pilot Tosca Blue L,
RIMC-HLM-NRS-BLU-XL-NEW,Helm Rosa Pilot Tosca Blue XL,
RIMC-HLM-NRS-TSC-M-NEW,Helm Rosa Pilot Tosca Green M,
RIMC-HLM-NRS-TSC-L-NEW,Helm Rosa Pilot Tosca Green L,
RIMC-HLM-NRS-TSC-XL-NEW,Helm Rosa Pilot Tosca Green XL,
RIMC-HLM-NRS-WHT-M-NEW,Helm Rosa Pilot White M,
RIMC-HLM-NRS-WHT-L-NEW,Helm Rosa Pilot White L,
RIMC-HLM-NRS-WHT-XL-NEW,Helm Rosa Pilot White XL,
RIMC-HLM-NRS-CRM-M-NEW,Helm Rosa Pilot Cream M,
RIMC-HLM-NRS-CRM-L-NEW,Helm Rosa Pilot Cream L,
RIMC-HLM-NRS-CRM-XL-NEW,Helm Rosa Pilot Cream XL,
RIMC-HLM-RSA-PNK-M,Helm Rosa Pink Pastel M,
RIMC-HLM-RSA-PNK-L,Helm Rosa Pink Pastel L,
RIMC-HLM-RSA-PNK-XL,Helm Rosa Pink Pastel XL,
RIMC-HLM-RSA-PPL-M,Helm Rosa Purple Pastel M,
RIMC-HLM-RSA-PPL-L,Helm Rosa Purple Pastel L,
RIMC-HLM-RSA-PPL-XL,Helm Rosa Purple Pastel XL,
RIMC-HLM-RSA-BLU-M,Helm Rosa Tosca Blue M,
RIMC-HLM-RSA-BLU-L,Helm Rosa Tosca Blue L,
RIMC-HLM-RSA-BLU-XL,Helm Rosa Tosca Blue XL,
RIMC-HLM-RSA-TSC-M,Helm Rosa Tosca Green M,
RIMC-HLM-RSA-TSC-L,Helm Rosa Tosca Green L,
RIMC-HLM-RSA-TSC-XL,Helm Rosa Tosca Green XL,
RIMC-HLM-RSA-WHT-M,Helm Rosa White M,
RIMC-HLM-RSA-WHT-L,Helm Rosa White L,
RIMC-HLM-RSA-WHT-XL,Helm Rosa White XL,
RIMC-HLM-RSA-CRM-M,Helm Rosa Cream M,
RIMC-HLM-RSA-CRM-L,Helm Rosa Cream L,
RIMC-HLM-RSA-CRM-XL,Helm Rosa Cream XL,
RIMC-HLM-RSF-PNK-M,Helm Rosa Flannel Pink Pastel M,
RIMC-HLM-RSF-PNK-L,Helm Rosa Flannel Pink Pastel L,
RIMC-HLM-RSF-PNK-XL,Helm Rosa Flannel Pink Pastel XL,
RIMC-HLM-RSF-PPL-M,Helm Rosa Flannel Purple Pastel M,
RIMC-HLM-RSF-PPL-L,Helm Rosa Flannel Purple Pastel L,
RIMC-HLM-RSF-PPL-XL,Helm Rosa Flannel Purple Pastel XL,
RIMC-HLM-RSF-BLU-M,Helm Rosa Flannel Tosca Blue M,
RIMC-HLM-RSF-BLU-L,Helm Rosa Flannel Tosca Blue L,
RIMC-HLM-RSF-BLU-XL,Helm Rosa Flannel Tosca Blue XL,
RIMC-HLM-RSF-TSC-M,Helm Rosa Flannel Tosca Green M,
RIMC-HLM-RSF-TSC-L,Helm Rosa Flannel Tosca Green L,
RIMC-HLM-RSF-TSC-XL,Helm Rosa Flannel Tosca Green XL,
RIMC-HLM-RSF-WHT-M,Helm Rosa Flannel White M,
RIMC-HLM-RSF-WHT-L,Helm Rosa Flannel White L,
RIMC-HLM-RSF-WHT-XL,Helm Rosa Flannel White XL,
RIMC-HLM-RSF-CRM-M,Helm Rosa Flannel Cream M,
RIMC-HLM-RSF-CRM-L,Helm Rosa Flannel Cream L,
RIMC-HLM-RSF-CRM-XL,Helm Rosa Flannel Cream XL,
RIMC-HLM-JTS-BLK-GLS-M,Helm Jitsu Black Glossy M,
RIMC-HLM-JTS-BLK-GLS-L,Helm Jitsu Black Glossy L,
RIMC-HLM-JTS-BLK-GLS-XL,Helm Jitsu Black Glossy XL,
RIMC-HLM-JTS-BLK-DOP-M,Helm Jitsu Black Dop M,
RIMC-HLM-JTS-BLK-DOP-L,Helm Jitsu Black Dop L,
RIMC-HLM-JTS-BLK-DOP-XL,Helm Jitsu Black Dop XL,
RIMC-HLM-JTS-TSC-BLU-M,Helm Jitsu Tosca Blue M,
RIMC-HLM-JTS-TSC-BLU-L,Helm Jitsu Tosca Blue L,
RIMC-HLM-JTS-TSC-BLU-XL,Helm Jitsu Tosca Blue XL,
RIMC-HLM-JTS-WHT-GLS-M,Helm Jitsu White M,
RIMC-HLM-JTS-WHT-GLS-L,Helm Jitsu White L,
RIMC-HLM-JTS-WHT-GLS-XL,Helm Jitsu White XL,
RIMC-HLM-JTS-MRN-DOP-M,Helm Jitsu Maroon Dop M,
RIMC-HLM-JTS-MRN-DOP-L,Helm Jitsu Maroon Dop L,
RIMC-HLM-JTS-MRN-DOP-XL,Helm Jitsu Maroon Dop XL,
RIMC-HLM-JTS-GRY-DOP-M,Helm Jitsu Grey Dop M,
RIMC-HLM-JTS-GRY-DOP-L,Helm Jitsu Grey Dop L,
RIMC-HLM-JTS-GRY-DOP-XL,Helm Jitsu Grey Dop XL,
RIMC-HLM-JTS-ARM-DOP-M,Helm Jitsu Army Dop M,
RIMC-HLM-JTS-ARM-DOP-L,Helm Jitsu Army Dop L,
RIMC-HLM-JTS-ARM-DOP-XL,Helm Jitsu Army Dop XL,
RIMC-HLM-JTS-YL-GLS-M,Helm Jitsu Yellow Glossy M,
RIMC-HLM-JTS-YL-GLS-L,Helm Jitsu Yellow Glossy L,
RIMC-HLM-JTS-YL-GLS-XL,Helm Jitsu Yellow Glossy XL,
RIMC-HLM-STR-GLS-M,Helm The Stars Glossy M,
RIMC-HLM-STR-GLS-L,Helm The Stars Glossy L,
RIMC-HLM-STR-GLS-XL,Helm The Stars Glossy XL,
RIMC-HLM-STR-DOP-M,Helm The Stars Dop M,
RIMC-HLM-STR-DOP-L,Helm The Stars Dop L,
RIMC-HLM-STR-DOP-XL,Helm The Stars Dop XL,
RIMC-HLM-TYG-WHT-M,Helm Tayeng White M,
RIMC-HLM-TYG-WHT-L,Helm Tayeng White L,
RIMC-HLM-TYG-WHT-XL,Helm Tayeng White XL,
RIMC-HLM-TYG-CRM-M,Helm Tayeng Cream M,
RIMC-HLM-TYG-CRM-L,Helm Tayeng Cream L,
RIMC-HLM-TYG-CRM-XL,Helm Tayeng Cream XL,
RIMC-HLM-CKR-BG-M,Helm Checkered Black Glossy M,
RIMC-HLM-CKR-BG-L,Helm Checkered Black Glossy L,
RIMC-HLM-CKR-BG-XL,Helm Checkered Black Glossy XL,
RIMC-HLM-CKR-BD-M,Helm Checkered Black Dop M,
RIMC-HLM-CKR-BD-L,Helm Checkered Black Dop L,
RIMC-HLM-CKR-BD-XL,Helm Checkered Black Dop XL,
RIMC-HLM-CKR-WG-M,Helm Checkered White M,
RIMC-HLM-CKR-WG-L,Helm Checkered White L,
RIMC-HLM-CKR-WG-XL,Helm Checkered White XL,
RIMC-HLM-CKR-CRM-M,Helm Checkered Cream M,
RIMC-HLM-CKR-CRM-L,Helm Checkered Cream L,
RIMC-HLM-CKR-CRM-XL,Helm Checkered Cream XL,
RIMC-HLM-CKR-ARM-M,Helm Checkered Army Dop M,
RIMC-HLM-CKR-ARM-L,Helm Checkered Army Dop L,
RIMC-HLM-CKR-ARM-XL,Helm Checkered Army Dop XL,
RIMC-HLM-CKR-YL-M,Helm Checkered Yellow M,
RIMC-HLM-CKR-YL-L,Helm Checkered Yellow L,
RIMC-HLM-CKR-YL-XL,Helm Checkered Yellow XL,
RIMC-HLM-MNMT-SVR-GLS,Helm Minimoto Silver Glossy ,
RIMC-HLM-MNMT-GRY-GLS,Helm Minimoto Grey Glossy ,
RIMC-HLM-M50-BLK-GLS,Helm Caferacer M50 Black Glossy ,
RIMC-HLM-M50-BLK-DOP,Helm Caferacer M50 Black dop ,
RIMC-HLM-M50-GRY-MDR,Helm Caferacer M50 Modern Grey ,
RIMC-HLM-M50-SVR-DOP,Helm Caferacer M50 Silver Dop ,
RIMC-HLM-M50-SVR-GLS,Helm Caferacer M50 Silver Glossy ,
RIMC-HLM-M50-MGN-GLS,Helm Caferacer M50 Red Magna Kilat ,
RIMC-HLM-M50-MGN-DOP,Helm Caferacer M50 Red Magna Dop ,
RIMC-HLM-M50-YL-GLS,Helm Caferacer M50 Yellow Glossy ,
RIMC-HLM-M50-WHT-GLS,Helm Caferacer M50 White ,
RIMC-HLM-M50-CRM-DOP,Helm Caferacer M50 Cream Dop ,
RIMC-HLM-M50-ARM-DOP,Helm Caferacer M50 Army Dop ,
RIMC-HLM-M50-GRY-DOP,Helm Caferacer M50 Grey Dop ,
RIMC-HLM-GRG-VSR-BLK-GLS,Helm Gringgo Kaca Black Glossy ,
RIMC-HLM-GRG-VSR-BLK-DOP,Helm Gringgo Kaca Black Dop ,
RIMC-HLM-GRG-VSR-GRY-DOP-DTR,Helm Gringgo Kaca Grey Dop Datar ,
RIMC-HLM-GRG-VSR-RED-DOP,Helm Gringgo Kaca Red Dop ,
RIMC-HLM-GRG-VSR-GRY-MDR,Helm Gringgo Kaca Modern Grey ,
RIMC-HLM-GRG-VSR-CRM-GLS,Helm Gringgo Kaca Cream ,
RIMC-HLM-GRG-VSR-BWN-GLS,Helm Gringgo Kaca Brown ,
RIMC-HLM-GRG-VSR-GRY-DOP,Helm Gringgo Kaca Grey Dop ,
RIMC-HLM-GRG-BD-LIS-GLD,Helm Gringgo Kaca List Gold Dop ,
RIMC-HLM-GRG-BG-LIS-GLD,Helm Gringgo Kaca List Gold Glossy ,
RIMC-HLM-GRG-BLK-GLS,Helm Gringgo Kancing Black Glossy ,
RIMC-HLM-GRG-BLK-DOP,Helm Gringgo Kancing Black Dop ,
RIMC-HLM-GRG-WHT-GLS,Helm Gringgo Kancing White ,
RIMC-HLM-GRG-GRY-DOP,Helm Gringgo Kancing Grey Dop ,
RIMC-HLM-GRG-GRY-MDR,Helm Gringgo Kancing Modern Grey ,
RIMC-HLM-M30-BLK-GLS,Helm Lubro Bandit M30 Black Glossy ,
RIMC-HLM-M30-WHT-GLS,Helm Lubro Bandit M30 White ,
RIMC-HLM-M30-BLK-DOP,Helm Lubro Bandit M30 Black Dop ,
RIMC-BG-RNW-BLK,Waistbag Runaway Black ,
RIMC-BG-ABN-BLK,Sidebag Arban Black ,
RIMC-BG-ABN-GRN,Sidebag Arban Green ,
RIMC-BG-ABN-BWN,Sidebag Arban Brown ,
RIMC-JSY-DTY-WHT-M,Jersey Dirty White M,
RIMC-JSY-DTY-WHT-L,Jersey Dirty White L,
RIMC-JSY-DTY-WHT-XL,Jersey Dirty White XL,
RIMC-JSY-DTY-WHT-2XL,Jersey Dirty White XXL,
RIMC-JSY-DTY-WHT-3XL,Jersey Dirty White XXXL,
RIMC-JSY-DTY-ORG-M,Jersey Dirty Orange M,
RIMC-JSY-DTY-ORG-L,Jersey Dirty Orange L,
RIMC-JSY-DTY-ORG-XL,Jersey Dirty Orange XL,
RIMC-JSY-DTY-ORG-2XL,Jersey Dirty Orange XXL,
RIMC-JSY-DTY-ORG-3XL,Jersey Dirty Orange XXXL,
RIMC-JSY-DTY-YL-M,Jersey Dirty Gold M,
RIMC-JSY-DTY-YL-L,Jersey Dirty Gold L,
RIMC-JSY-DTY-YL-XL,Jersey Dirty Gold XL,
RIMC-JSY-DTY-YL-2XL,Jersey Dirty Gold XXL,
RIMC-JSY-DTY-YL-3XL,Jersey Dirty Gold XXXL,
RIMC-JKT-HNY-S,Jaket Hannya S,
RIMC-JKT-HNY-M,Jaket Hannya M,
RIMC-JKT-HNY-L,Jaket Hannya L,
RIMC-JKT-HNY-XL,Jaket Hannya XL,
RIMC-JKT-HNY-2XL,Jaket Hannya XXL,
RIMC-JKT-HNY-3XL,Jaket Hannya XXXL,
RIMC-GLV-SKL-BLK-S,Glove Skull White S,
RIMC-GLV-SKL-BLK-M,Glove Skull White M,
RIMC-GLV-SKL-BLK-L,Glove Skull White L,
RIMC-GLV-SKL-BLK-XL,Glove Skull White XL,
RIMC-GLV-SKL-BLK-2XL,Glove Skull White XXL,
RIMC-GLV-SKL-ORN-M,Glove Skull Orange M,
RIMC-GLV-SKL-ORN-L,Glove Skull Orange L,
RIMC-GLV-SKL-ORN-XL,Glove Skull Orange XL,
RIMC-GLV-SKL-ORN-2XL,Glove Skull Orange XXL,
RIMC-GLV-SKL-YL-M,Glove Skull Gold M,
RIMC-GLV-SKL-YL-L,Glove Skull Gold L,
RIMC-GLV-SKL-YL-XL,Glove Skull Gold XL,
RIMC-GLV-SKL-YL-2XL,Glove Skull Gold XXL,
RIMC-GLV-CIV-BLK-M,Glove Cive Black M,
RIMC-GLV-CIV-BLK-L,Glove Cive Black L,
RIMC-GLV-CIV-BLK-XL,Glove Cive Black XL,
RIMC-GLV-CIV-BLK-2XL,Glove Cive Black XXL,
RIMC-GLV-CIV-RD-S,Glove Cive Red S,
RIMC-GLV-CIV-RD-M,Glove Cive Red M,
RIMC-GLV-CIV-RD-L,Glove Cive Red L,
RIMC-GLV-CIV-RD-XL,Glove Cive Red XL,
RIMC-GLV-CIV-RD-2XL,Glove Cive Red XXL,
RIMC-GLV-CIV-BLU-M,Glove Cive Blue M,
RIMC-GLV-CIV-BLU-L,Glove Cive Blue L,
RIMC-GLV-CIV-BLU-XL,Glove Cive Blue XL,
RIMC-GLV-CIV-BLU-XXL,Glove Cive Blue XXL,
RIMC-GLV-KWA-SM,Glove Kawa Black S/M,
RIMC-GLV-KWA-LXL,Glove Kawa Black LXL,
RIMC-GLV-KWA-23X,Glove Kawa Black XXXL,
RIMC-GLV-CHS-M,Glove Cheesh Black M,
RIMC-GLV-CHS-L,Glove Cheesh Black L,
RIMC-GLV-CHS-XL,Glove Cheesh Black XL,
RIMC-GLV-CHS-XXL,Glove Cheesh Black XXL,
RIMC-BG-SK-WHT,Waistbag Saka White ,
RIMC-BG-SK-YL,Waistbag Saka Yellow ,
RIMC-BG-MRK-NVY,Waistbag Marko Navy ,
RIMC-BG-MRK-MRN,Waistbag Marko Marron ,
RIMC-TR-PDL-S,Tshirt Pedo S,
RIMC-TR-PDL-M,Tshirt Pedo M,
RIMC-TR-PDL-L,Tshirt Pedo L,
RIMC-TR-PDL-XL,Tshirt Pedo XL,
RIMC-TR-TCL-S,Tshirt Taco S,
RIMC-TR-TCL-M,Tshirt Taco M,
RIMC-CLN-CLA-ORN8,Celana Cala Orange 28,
RIMC-KTR-KRI-XL,Kids TR Kori XL,
RIMC-KTR-KRI-2XL,Kids TR Kori XXL,
RIMC-KTR-HDE-XL,Kids TR Hade XL,
RIMC-KTR-MKL-XL,Kids TR Mak Lampir XL,
RIMC-KTR-AJS-XL,Kids TR AJS XL,
RIMC-KTR-AJS-2XL,Kids TR AJS XXL,
RIMC-KTR-VNI-XL,Kids TR Veni XL,
RIMC-KTR-SDR-2XL,Kids TR Sidar XXL,
RIMC-KTR-MTD-CRM-XL,Kids TR Mustrad Cream XL,
RIMC-KTR-MTD-CRM-2XL,Kids TR Mustrad Cream XXL,
RIMC-VSR-BG5-CL,Visor BG O5 Clear ,
RIMC-VSR-BG5-SMK,Visor BG O5 Smoke ,
RIMC-VSR-BG6-CL,Visor BG O6 Clear ,
RIMC-VSR-BG6-SMK,Visor BG O6 Smoke ,
RIMC-PT-END-BLK,Pet Enduro Black ,
RIMC-PT-END-RD,Pet Enduro Red ,
RIMC-PT-END-WHT,Pet Enduro White ,
RIMC-PT-END-YL,Pet Enduro Yellow ,
RIMC-PT-DKY-BLK,Pet Ducky Black ,
RIMC-PT-DKY-RD,Pet Ducky Red ,
RIMC-PT-DKY-WHT,Pet Ducky White ,
RIMC-PT-DKY-YL,Pet Ducky Yellow ,
RIMC-PT-PDK,Pet Pendek Black ,
RIMC-PT-CL,Pet Transparan ,
RIMC-BG-FLK-BLK,Waistbag Floki Black ,
RIMC-BG-FLK-NVB,Waistbag Floki Navy Blue ,
RIMC-JKT-ETL-BLK-S,Jaket Eternal Black S,
RIMC-JKT-ETL-BLK-M,Jaket Eternal Black M,
RIMC-JKT-ETL-BLK-L,Jaket Eternal Black L,
RIMC-JKT-ETL-BLK-XL,Jaket Eternal Black XL,
RIMC-JKT-ETL-BLK-2XL,Jaket Eternal Black XXL,
RIMC-JKT-ETL-BLK-3XL,Jaket Eternal Black XXXL,
RIMC-JKT-ETL-KHK-S,Jaket Eternal Khaki S,
RIMC-JKT-ETL-KHK-M,Jaket Eternal Khaki M,
RIMC-JKT-ETL-KHK-L,Jaket Eternal Khaki L,
RIMC-JKT-ETL-KHK-XL,Jaket Eternal Khaki XL,
RIMC-JKT-ETL-KHK-2XL,Jaket Eternal Khaki XXL,
RIMC-JKT-ETL-KHK-3XL,Jaket Eternal Khaki XXXL,
RIMC-JKT-ETL-GRN-S,Jaket Eternal Olive Green S,
RIMC-JKT-ETL-GRN-M,Jaket Eternal Olive Green M,
RIMC-JKT-ETL-GRN-L,Jaket Eternal Olive Green L,
RIMC-JKT-ETL-GRN-XL,Jaket Eternal Olive Green XL,
RIMC-JKT-ETL-GRN-2XL,Jaket Eternal Olive Green XXL,
RIMC-JKT-ETL-GRN-3XL,Jaket Eternal Olive Green XXXL,
RIMC-TKR-AKN-BLK,Topi Trucker Black Aikon ,
RIMC-TKR-VRD-GRN,Topi Trucker Green Verde ,
RIMC-SNB-RGO,Topi Snapback Rogo ,
RIMC-SNB-BOB,Topi Snapback Bob ,
RIMC-SNB-YZI,Topi Snapback Yazi ,
RIMC-JKT-MST-BLK-XL,Jaket Mosto Black XL,
RIMC-JKT-MST-BLK-2XL,Jaket Mosto Black XXL,
RIMC-JKT-MST-YL-S,Jaket Mosto Yellow S,
RIMC-JKT-MST-YL-M,Jaket Mosto Yellow M,
RIMC-JKT-MST-YL-L,Jaket Mosto Yellow L,
RIMC-JKT-MST-YL-XL,Jaket Mosto Yellow XL,
RIMC-JKT-MST-YLXL,Jaket Mosto Yellow XL,
RIMC-JKT-BGA-BLK-S,Jaket Bagra S,
RIMC-JKT-BGA-BLK-M,Jaket Bagra M,
RIMC-JKT-BGA-BLK-L,Jaket Bagra L,
RIMC-JKT-BGA-BLK-XL,Jaket Bagra XL,
RIMC-JKT-BGA-BLK-2XL,Jaket Bagra XXL,
RIMC-BG-TRA-BLK,Waistbag Tera Black ,
RIMC-BG-TRA-MRN,Waistbag Tera Maroon ,
RIMC-BG-TRA-GRN,Waistbag Tera Army ,
RIMC-BG-KGR-BLK,Waistbag Krugger Black ,
RIMC-JKT-MGS-MRN-S,Jaket Windbreaker Mogos Maroon S,
RIMC-JKT-MGS-MRN-M,Jaket Windbreaker Mogos Maroon M,
RIMC-JKT-MGS-MRN-L,Jaket Windbreaker Mogos Maroon L,
RIMC-JKT-MGS-MRN-XL,Jaket Windbreaker Mogos Maroon XL,
RIMC-JKT-MGS-MRN-2XL,Jaket Windbreaker Mogos Maroon XXL,
RIMC-JKT-MGS-NVY-S,Jaket Windbreaker Mogos Navy S,
RIMC-JKT-MGS-NVY-M,Jaket Windbreaker Mogos Navy M,
RIMC-JKT-MGS-NVY-L,Jaket Windbreaker Mogos Navy L,
RIMC-JKT-MGS-NVY-XL,Jaket Windbreaker Mogos Navy XL,
RIMC-JKT-MGS-NVY-2XL,Jaket Windbreaker Mogos Navy XXL,
RIMC-BG-TRV-GRY,Slingbag Travea Grey ,
RIMC-BG-TRV-GRN,Slingbag Travea Green ,
RIMC-BG-TRV-BLK,Slingbag Travea Black ,
RIMC-BG-TRV-BRN,Slingbag Travea Brown ,
RIMC-BG-ERG-BWN,NewsPaper Bag Erga Brown ,
RIMC-BG-ERG-GRN,NewsPaper Bag Erga Army ,
RIMC-BG-ERG-GRY,NewsPaper Bag Erga Grey ,
RIMC-BG-RGA-BLK,Handbag Riga Black ,
RIMC-KTR-WPR-BLK-L,Kids TR Whisper Black L,
RIMC-KTR-FTR-WHT-XL,Kids TR Faster White XL,
RIMC-KTR-FTR-WHT-2XL,Kids TR Faster White XXL,
RIMC-KTR-TKG-BLU-L,Kids TR The Kong Blue L,
RIMC-KTR-TKG-NVY-L,Kids TR The Kong Navy L,
RIMC-KTR-ZRO-YL-2XL,Kids TR Zero Yellow XXL,
RIMC-KTR-YNE-BLU-M,Kids TR Yone Blue M,
RIMC-KTR-YNE-BLU-L,Kids TR Yone Blue L,
RIMC-KTR-YNE-BLU-XL,Kids TR Yone Blue XL,
RIMC-KTR-YNE-BLU-2XL,Kids TR Yone Blue XXL,
RIMC-KTR-YNE-YL-L,Kids TR Yone Yellow L,
RIMC-KTR-YNE-YL-XL,Kids TR Yone Yellow XL,
RIMC-KTR-YNE-YL-2XL,Kids TR Yone Yellow XXL,
RIMC-TR-BFE-WHT-M,Tshirt Bife White M,
RIMC-TR-WPR-BLK-M,Tshirt Whisper Black M,
RIMC-TR-ZQA-BLK-L,Tshirt Zuqa Black L,
RIMC-TR-YNE-BLU-S,Tshirt Yone Blue S,
RIMC-TR-YNE-BLU-M,Tshirt Yone Blue M,
RIMC-TR-YNE-BLU-L,Tshirt Yone Blue L,
RIMC-TR-YNE-BLU-XL,Tshirt Yone Blue XL,
RIMC-TR-YNE-BLUXL,Tshirt Yone Blue XL,
RIMC-TR-YNE-YL-S,Tshirt Yone Yellow S,
RIMC-TR-YNE-YL-M,Tshirt Yone Yellow M,
RIMC-TR-YNE-YL-L,Tshirt Yone Yellow L,
RIMC-TR-YNE-YL-2XL,Tshirt Yone Yellow XXL,
RIMC-TR-FTR-WHT-2XL,Tshirt Faster White XXL,
RIMC-TR-TKG-BLU-M,Tshirt The Kong Blue M,
RIMC-TR-TKG-BLU-L,Tshirt The Kong Blue L,
RIMC-TR-TKG-BLU-XL,Tshirt The Kong Blue XL,
RIMC-TR-TKG-BLUXL,Tshirt The Kong Blue XL,
RIMC-TR-SGT-MRN-L,Tshirt Sugoti Maroon L,
RIMC-TR-SGT-MRN-2XL,Tshirt Sugoti Maroon XXL,
RIMC-TR-BRN-RD-L,Tshirt Born Maroon L,
RIMC-TR-BRN-RD-2XL,Tshirt Born Maroon XXL,
RIMC-BG-MTO-GRN,Sidebag Matteo Green ,
RIMC-BG-MTO-BWN,Sidebag Matteo Brown ,
RIMC-BG-MTO-BLK,Sidebag Matteo Black ,
RIMC-JKT-WDR-GRN-M,Jaket Versity Wonder Green M,
RIMC-JKT-WDR-GRN-L,Jaket Versity Wonder Green L,
RIMC-JKT-WDR-GRN-XL,Jaket Versity Wonder Green XL,
RIMC-JKT-MDS-BLK-S,Jaket Versity Madass Black S,
RIMC-JKT-MDS-BLK-M,Jaket Versity Madass Black M,
RIMC-JKT-MDS-BLK-L,Jaket Versity Madass Black L,
RIMC-JKT-MDS-BLK-XL,Jaket Versity Madass Black XL,
RIMC-JKT-MDS-BLK-2XL,Jaket Versity Madass Black XXL,
RIMC-VSR-SNL-CL,Visor Snail Clear ,
RIMC-VSR-SNL-SMK,Visor Snail Smoke ,
RIMC-WS-VTR-KHK-S,Workshirt Vulture Khaki S,
RIMC-WS-VTR-KHK-M,Workshirt Vulture Khaki M,
RIMC-WS-VTR-KHK-L,Workshirt Vulture Khaki L,
RIMC-WS-VTR-KHK-XL,Workshirt Vulture Khaki XL,
RIMC-WS-ELJ-BLK-M,Workshirt Eljo Black M,
RIMC-WS-BMA-NVY-M,Workshirt Buma Navy M,
RIMC-KTR-ZRO-BLK-L,Kids TR Zero Black L,
RIMC-KTR-ZRO-BLK-XL,Kids TR Zero Black XL,
RIMC-PT-PWT-CL,Pet Warna Transparant Clear ,
RIMC-PT-PWT-SMK,Pet Warna Transparant Smoke ,
RIMC-PT-PWT-ORN,Pet Warna Transparant Orange ,
RIMC-PT-PWT-BLU,Pet Warna Transparant Blue ,
RIMC-PT-PWT-YL,Pet Warna Transparant Yellow ,
RIMC-BG-RGN-BWN,ToteBag Ragnar Brown ,
RIMC-BG-RGN-GRN,ToteBag Ragnar Green ,
RIMC-KOV-ELJ-XL,Tshirt Oversize TOS Eljo XL,
RIMC-KOV-SVL-M,Tshirt Oversize TOS Shovelhead M,
RIMC-KOV-SVL-L,Tshirt Oversize TOS Shovelhead L,
RIMC-KTR-TRG-WHT-L,Kids TR Torgo White L,
RIMC-KTR-LGS-WHT-L,Kids TR Logos White L,
RIMC-KTR-LGS-WHT-XL,Kids TR Logos White XL,
RIMC-KTR-LGS-WHT-2XL,Kids TR Logos White XXL,
RIMC-KTR-FLO-BLK-L,Kids TR Falo Black L,
RIMC-KTR-GME-BLK-L,Kids TR Gome Black L,
RIMC-TR-TRG-WHT-S,Tshirt Torgo White S,
RIMC-TR-TRG-WHT-M,Tshirt Torgo White M,
RIMC-TR-TRG-WHT-L,Tshirt Torgo White L,
RIMC-TR-TRG-WHT-2XL,Tshirt Torgo White XXL,
RIMC-TR-LGS-WHT-L,Tshirt Logos White L,
RIMC-TR-LGS-WHT-XL,Tshirt Logos White XL,
RIMC-TR-LGS-WHT-2XL,Tshirt Logos White XXL,
RIMC-BG-HTR-TC,NewsPaper Bag Hanter Terracotta ,
RIMC-BG-HTR-BW,NewsPaper Bag Hanter Gading ,
RIMC-BG-HTR-SGE,NewsPaper Bag Hanter Torquoise ,
RIMC-BG-HTR-YL,NewsPaper Bag Hanter Mustard ,
RIMC-KMJ-FNL-BW-S,Flannel Flannel Origin Black S,
RIMC-KMJ-FNL-BW-M,Flannel Flannel Origin Black M,
RIMC-KMJ-FNL-BW-L,Flannel Flannel Origin Black L,
RIMC-KMJ-FNL-BW-XL,Flannel Flannel Origin Black XL,
RIMC-KMJ-FNL-BW-XXL,Flannel Flannel Origin Black XXL,
RIMC-KMJ-FNL-CRM-S,Flannel Flannel Pablo Cream S,
RIMC-KMJ-FNL-CRM-M,Flannel Flannel Pablo Cream M,
RIMC-KMJ-FNL-CRM-L,Flannel Flannel Pablo Cream L,
RIMC-KMJ-FNL-CRM-XL,Flannel Flannel Pablo Cream XL,
RIMC-KMJ-FNL-CRM-XXL,Flannel Flannel Pablo Cream XXL,
RIMC-KMJ-FNL-BRN-S,Flannel Flannel Garcia Brown S,
RIMC-KMJ-FNL-BRN-M,Flannel Flannel Garcia Brown M,
RIMC-KMJ-FNL-BRN-L,Flannel Flannel Garcia Brown L,
RIMC-KMJ-FNL-BRN-XL,Flannel Flannel Garcia Brown XL,
RIMC-KMJ-FNL-BRN-XXL,Flannel Flannel Garcia Brown XXL,
RIMC-PLO-KVA-BLK-M,Zipper Colar Kava Black M,
RIMC-PLO-KVA-BLK-L,Zipper Colar Kava Black L,
RIMC-PLO-KVA-BLK-XL,Zipper Colar Kava Black XL,
RIMC-PLO-KVA-BLK-XXL,Zipper Colar Kava Black XXL,
RIMC-PLO-EBR-WHT-M,Zipper Colar Ebra White M,
RIMC-PLO-EBR-WHT-L,Zipper Colar Ebra White L,
RIMC-PLO-EBR-WHT-XL,Zipper Colar Ebra White XL,
RIMC-PLO-EBR-WHT-XXL,Zipper Colar Ebra White XXL,
RIMC-PLO-MRN-RD-M,Zipper Colar Moran Red M,
RIMC-PLO-MRN-RD-L,Zipper Colar Moran Red L,
RIMC-PLO-MRN-RD-XL,Zipper Colar Moran Red XL,
RIMC-PLO-MRN-RD-XXL,Zipper Colar Moran Red XXL,
RIMC-JKT-RTW-BLU-M,Jaket Rotwell Blue M,
RIMC-JKT-RTW-BLU-L,Jaket Rotwell Blue L,
RIMC-JKT-RTW-BLU-XL,Jaket Rotwell Blue XL,
RIMC-BG-DNT-GRN,NewsPaper Bag Dante Olive Green ,
RIMC-TR-MST-WHT-S,Tshirt Mosty White S,
RIMC-TR-MST-WHT-M,Tshirt Mosty White M,
RIMC-TR-MST-WHT-L,Tshirt Mosty White L,
RIMC-TR-MST-WHT-XL,Tshirt Mosty White XL,
RIMC-TR-MST-WHT-XXL,Tshirt Mosty White XXL,
RIMC-TR-RWG-WHT-S,Tshirt Redwing White S,
RIMC-TR-RWG-WHT-M,Tshirt Redwing White M,
RIMC-TR-RWG-WHT-L,Tshirt Redwing White L,
RIMC-TR-RWG-WHT-XL,Tshirt Redwing White XL,
RIMC-TR-RWG-WHT-XXL,Tshirt Redwing White XXL,
RIMC-TR-YPK-WHT-S,Tshirt Yapko White S,
RIMC-TR-YPK-WHT-M,Tshirt Yapko White M,
RIMC-TR-YPK-WHT-L,Tshirt Yapko White L,
RIMC-TR-YPK-WHT-XL,Tshirt Yapko White XL,
RIMC-TR-YPK-WHT-XXL,Tshirt Yapko White XXL,
RIMC-BG-CTR-BLK,NewsPaper Bag Carter Black ,
RIMC-WS-SGL-BLK-S,Workshirt Speed Black S,
RIMC-WS-SGL-BLK-M,Workshirt Speed Black M,
RIMC-WS-SGL-BLK-L,Workshirt Speed Black L,
RIMC-WS-SGL-BLK-XL,Workshirt Speed Black XL,
RIMC-WS-SGL-BLK-XXL,Workshirt Speed Black XXL,
RIMC-WS-CPA-BLK-S,Workshirt Choppa Black S,
RIMC-WS-CPA-BLK-M,Workshirt Choppa Black M,
RIMC-WS-CPA-BLK-L,Workshirt Choppa Black L,
RIMC-WS-CPA-BLK-XL,Workshirt Choppa Black XL,
RIMC-WS-CPA-BLK-XXL,Workshirt Choppa Black XXL,
RIMC-TR-MTB-BLK-S,Tshirt Mosty Bob Black S,
RIMC-TR-MTB-BLK-M,Tshirt Mosty Bob Black M,
RIMC-TR-MTB-BLK-L,Tshirt Mosty Bob Black L,
RIMC-TR-MTB-BLK-XL,Tshirt Mosty Bob Black XL,
RIMC-TR-MTB-BLK-XXL,Tshirt Mosty Bob Black XXL,
RIMC-TR-AMT-BLK-S,Tshirt Asmat Black S,
RIMC-TR-AMT-BLK-M,Tshirt Asmat Black M,
RIMC-TR-AMT-BLK-L,Tshirt Asmat Black L,
RIMC-TR-AMT-BLK-XL,Tshirt Asmat Black XL,
RIMC-TR-AMT-BLK-XXL,Tshirt Asmat Black XXL,
RIMC-GLV-MGP-M,Glove Magpies Black - White M,
RIMC-GLV-MGP-L,Glove Magpies Black - White L,
RIMC-GLV-MGP-XL,Glove Magpies Black - White XL,
RIMC-GLV-TVR-M,Glove Travers Black M,
RIMC-GLV-TVR-L,Glove Travers Black L,
RIMC-GLV-TVR-XL,Glove Travers Black XL,
RIMC-TR-BDY-BLK-S,Tshirt Baduy Black S,
RIMC-TR-BDY-BLK-M,Tshirt Baduy Black M,
RIMC-TR-BDY-BLK-L,Tshirt Baduy Black L,
RIMC-TR-BDY-BLK-XL,Tshirt Baduy Black XL,
RIMC-TR-BDY-BLK-XXL,Tshirt Baduy Black XXL,
RIMC-TR-DYK-BLK-S,Tshirt Dayak Black S,
RIMC-TR-DYK-BLK-M,Tshirt Dayak Black M,
RIMC-TR-DYK-BLK-L,Tshirt Dayak Black L,
RIMC-TR-DYK-BLK-XL,Tshirt Dayak Black XL,
RIMC-TR-DYK-BLK-XXL,Tshirt Dayak Black XXL,
RIMC-TR-ADT-BLK-S,Tshirt Addicted Black S,
RIMC-TR-ADT-BLK-M,Tshirt Addicted Black M,
RIMC-TR-ADT-BLK-L,Tshirt Addicted Black L,
RIMC-TR-ADT-BLK-XL,Tshirt Addicted Black XL,
RIMC-TR-ADT-BLK-XXL,Tshirt Addicted Black XXL,
RIMC-TR-MBP-BLK-S,Tshirt Mosty Bob Pendek Black S,
RIMC-TR-MBP-BLK-M,Tshirt Mosty Bob Pendek Black M,
RIMC-TR-MBP-BLK-L,Tshirt Mosty Bob Pendek Black L,
RIMC-TR-MBP-BLK-XL,Tshirt Mosty Bob Pendek Black XL,
RIMC-TR-MBP-BLK-XXL,Tshirt Mosty Bob Pendek Black XXL,
RIMC-TR-SHT-S,Tshirt Sheet S,
RIMC-TR-SHT-M,Tshirt Sheet M,
RIMC-JKT-BNA-S,Jaket Bona Black S,
RIMC-JKT-HLA-BLACK-S,Jaket Halma Black S,
RIMC-JKT-HLA-BLACK-M,Jaket Halma Black M,
RIMC-JKT-DBA-L,Jaket Diba Black L,
RIMC-TR-FR-S,Tshirt For Ride S,
RIMC-TR-FR-XL,Tshirt For Ride XL,
RIMC-TR-NVR-BLK-S,Tshirt Never S,
RIMC-TR-NVR-BLK-M,Tshirt Never M,
RIMC-TR-NVR-BLK-XXL,Tshirt Never XXL,
RIMC-WS-WLY-BLK-L,Workshirt Welly Black L,
RIMC-WS-WLY-BLK-XL,Workshirt Welly Black XL,
RIMC-WS-BMA-NVY-L,Workshirt Buma Navy L,
RIMC-WS-BMA-NVY-XL,Workshirt Buma Navy XL,
RIMC-TR-ARA-WHT-L,Tshirt Aria White L,
RIMC-TR-ARA-WHT-XL,Tshirt Aria White XL,
RIMC-TR-BFE-BLK-L,Tshirt Bife Black L,
RIMC-TR-BFE-BLK-XL,Tshirt Bife Black XL,
RIMC-HLM-MNMT-WHT-GLS,Helm Minimoto White Glossy ,
RIMC-TR-NVR-BLK-L,Tshirt Never L,
RIMC-KTR-ZRO-YL-M,Kids TR Zero Yellow M,
RIMC-TR-VCO-BLK-L,Tshirt Voco Black L,
RIMC-TR-NBD-XL,Tshirt No Bad Days XL,
RIMC-TR-BFE-WHT-XXL,Tshirt Bife White XXL,
RIMC-TR-ASK-BLK-2XL,Tshirt Asaki Black XXL,
RIMC-KTR-MKL-2XL,Kids TR Mak Lampir XXL,
RIMC-PNT-SNT-BLK-28,Pants Santos Black 28,
RIMC-PNT-SNT-BLK-30,Pants Santos Black 30,
RIMC-PNT-SNT-BLK-32,Pants Santos Black 32,
RIMC-PNT-SNT-BLK-34,Pants Santos Black 34,
RIMC-PNT-SNT-BLK-36,Pants Santos Black 36,
RIMC-PNT-SNT-BLK-38,Pants Santos Black 38,
RIMC-PNT-SNT-BLK-40,Pants Santos Black 40,
RIMC-PNT-SNT-NVY-28,Pants Santos Navy 28,
RIMC-PNT-SNT-NVY-30,Pants Santos Navy 30,
RIMC-PNT-SNT-NVY-32,Pants Santos Navy 32,
RIMC-PNT-SNT-NVY-34,Pants Santos Navy 34,
RIMC-PNT-SNT-NVY-36,Pants Santos Navy 36,
RIMC-PNT-SNT-NVY-38,Pants Santos Navy 38,
RIMC-PNT-SNT-NVY-40,Pants Santos Navy 40,
RIMC-PNT-SNT-KHK-28,Pants Santos Khaki 28,
RIMC-PNT-SNT-KHK-30,Pants Santos Khaki 30,
RIMC-PNT-SNT-KHK-32,Pants Santos Khaki 32,
RIMC-PNT-SNT-KHK-34,Pants Santos Khaki 34,
RIMC-PNT-SNT-KHK-36,Pants Santos Khaki 36,
RIMC-PNT-SNT-KHK-38,Pants Santos Khaki 38,
RIMC-PNT-SNT-KHK-40,Pants Santos Khaki 40,
RIMC-WS-TGR-NVY-S,Workshirt Tigre Navy S,
RIMC-WS-TGR-NVY-M,Workshirt Tigre Navy M,
RIMC-WS-TGR-NVY-L,Workshirt Tigre Navy L,
RIMC-WS-TGR-NVY-XL,Workshirt Tigre Navy XL,
RIMC-WS-TGR-NVY-XXL,Workshirt Tigre Navy XXL,
RIMC-BG-HGS,Totebag Hogskull ,
RIMC-KTR-WSL-BLK-S,Kids TR Washi Long Black S,
RIMC-KTR-WSL-BLK-M,Kids TR Washi Long Black M,
RIMC-KTR-WSL-BLK-L,Kids TR Washi Long Black L,
RIMC-KTR-WSL-BLK-XL,Kids TR Washi Long Black XL,
RIMC-KTR-WSL-BLK-2XL,Kids TR Washi Long Black XXL,
RIMC-KTR-AMT-BLK-S,Kids TR Asmat Black S,
RIMC-KTR-AMT-BLK-M,Kids TR Asmat Black M,
RIMC-KTR-AMT-BLK-L,Kids TR Asmat Black L,
RIMC-KTR-AMT-BLK-XL,Kids TR Asmat Black XL,
RIMC-KTR-AMT-BLK-XXL,Kids TR Asmat Black XXL,
RIMC-KTR-BDY-BLK-S,Kids TR Baduy S,
RIMC-KTR-BDY-BLK-M,Kids TR Baduy M,
RIMC-KTR-BDY-BLK-L,Kids TR Baduy L,
RIMC-KTR-BDY-BLK-XL,Kids TR Baduy XL,
RIMC-KTR-BDY-BLK-XXL,Kids TR Baduy XXL,
RIMC-KTR-DYK-BLK-S,Kids TR Dayak S,
RIMC-KTR-DYK-BLK-M,Kids TR Dayak M,
RIMC-KTR-DYK-BLK-L,Kids TR Dayak L,
RIMC-KTR-DYK-BLK-XL,Kids TR Dayak XL,
RIMC-KTR-DYK-BLK-XXL,Kids TR Dayak XXL,
RIMC-TR-WSL-BLK-S,Tshirt Washi Long Black S,
RIMC-TR-WSL-BLK-M,Tshirt Washi Long Black M,
RIMC-TR-WSL-BLK-L,Tshirt Washi Long Black L,
RIMC-TR-WSL-BLK-XL,Tshirt Washi Long Black XL,
RIMC-TR-WSL-BLK-2XL,Tshirt Washi Long Black XXL,
RIMC-BG-MRO,Sling Bag Mario ,
RIMC-HLM-FLM-5TX-BG-PPL-S-M,Helm Slim 500tx Black Glossy Flame Purple S-M,
RIMC-HLM-FLM-5TX-BG-PPL-L-XL,Helm Slim 500tx Black Glossy Flame Purple L-XL,
RIMC-HLM-FLM-5TX-YL-RED-S-M,Helm Slim 500tx Yellow Flame Red S-M,
RIMC-HLM-FLM-5TX-YL-RED-L-XL,Helm Slim 500tx Yellow Flame Red L-XL,
RIMC-HLM-FLM-5TX-BG-GLD-S-M,Helm Slim 500tx Black Glossy Flame Gold S-M,
RIMC-HLM-FLM-5TX-BG-GLD-L-XL,Helm Slim 500tx Black Glossy Flame Gold L-XL,
RIMC-HLM-FLM-5TX-SVR-BLK-S-M,Helm Slim 500tx Silver Flame Black S-M,
RIMC-HLM-FLM-5TX-SVR-BLK-L-XL,Helm Slim 500tx Silver Flame Black L-XL,
RIMC-HLM-FLM-5TX-ORN-WHT-S-M,Helm Slim 500tx Orange Flame White  S-M,
RIMC-HLM-FLM-5TX-ORN-WHT-L-XL,Helm Slim 500tx Orange Flame White  L-XL,
RIMC-BG-XBL,NewsPaper Bag X Blek Letter ,
RIMC-TR-XBL-S,TR RIMC X Blek Letter S,
RIMC-TR-XBL-M,TR RIMC X Blek Letter M,
RIMC-TR-XBL-L,TR RIMC X Blek Letter L,
RIMC-TR-XBL-XL,TR RIMC X Blek Letter XL,
RIMC-TR-XBL-XXL,TR RIMC X Blek Letter XXL,
RIMC-TR-ZRO-YL-XXL,Tshirt Zero Yellow XXL,
RIMC-KTR-ADT-BLK-M,Tshirt Addicted Black M,
RIMC-TR-NBD-S,Tshirt No Bad Days S,
RIMC-TR-WPR-BLK-L,Tshirt Whisper Black L,
RIMC-TR-FR-XXL,Tshirt For Ride XXL,
RIMC-BHP-M,Busa Helm Premium Doja LH  ,
RIMC-BHP-L,Busa Helm Premium Doja LH  ,
RIMC-BHP-XL,Busa Helm Premium Doja LH  ,
RIMC-BKD-M,Busa Doja Kids ,
RIMC-BKD-L,Busa Doja Kids ,
RIMC-BKD-XL,Busa Doja Kids ,
RIMC-BSH-S-M,Busa Slimhead 500-Tx ,
RIMC-BSH-L-XL,Busa Slimhead 500-Tx ,
RIMC-BDR-M,Busa Decal Reguler Checkered ,
RIMC-BDR-L,Busa Decal Reguler Checkered ,
RIMC-BDR-XL,Busa Decal Reguler Checkered ,
RIMC-BHR-M,Busa Helm Reguler Jitsu ,
RIMC-BHR-L,Busa Helm Reguler Jitsu ,
RIMC-BHR-XL,Busa Helm Reguler Jitsu ,
RIMC-BRF-M,Busa Rosa Flannel ,
RIMC-BRF-L,Busa Rosa Flannel ,
RIMC-BRF-XL,Busa Rosa Flannel ,
RIMC-BRR-M,Busa Rosa Reguler ,
RIMC-BRR-L,Busa Rosa Reguler ,
RIMC-BRR-XL,Busa Rosa Reguler ,
RIMC-BRP-S-M,Busa Helm RIMC x Pickers ,
RIMC-BRP-L-XL,Busa Helm RIMC x Pickers ,
RIMC-TR-ZRO-YL-M,Tshirt Zero Yellow M,
RIMC-BG-RHD-BLK,Backpack Ride Hard Black ,
RIMC-KTR-WLY-BLK-S,Kids TR Welly Long Black S,
RIMC-KTR-WLY-BLK-M,Kids TR Welly Long Black M,
RIMC-KTR-WLY-BLK-L,Kids TR Welly Long Black L,
RIMC-KTR-WLY-BLK-XL,Kids TR Welly Long Black XL,
RIMC-KTR-WLY-BLK-2XL,Kids TR Welly Long Black XXL,
RIMC-KTR-MTB-BLK-S,Kids TR Mosty Bob Long Black S,
RIMC-KTR-MTB-BLK-M,Kids TR Mosty Bob Long Black M,
RIMC-KTR-MTB-BLK-L,Kids TR Mosty Bob Long Black L,
RIMC-KTR-MTB-BLK-XL,Kids TR Mosty Bob Long Black XL,
RIMC-KTR-MTB-BLK-2XL,Kids TR Mosty Bob Long Black XXL,
RIMC-KTR-DTL-BLK-S,Kids TR Dusty Long Black S,
RIMC-KTR-DTL-BLK-M,Kids TR Dusty Long Black M,
RIMC-KTR-DTL-BLK-L,Kids TR Dusty Long Black L,
RIMC-KTR-DTL-BLK-XL,Kids TR Dusty Long Black XL,
RIMC-KTR-DTL-BLK-2XL,Kids TR Dusty Long Black XXL,
RIMC-KTR-KFN-BLK-S,Kids TR Koffin Long Black  S,
RIMC-KTR-KFN-BLK-M,Kids TR Koffin Long Black  M,
RIMC-KTR-KFN-BLK-L,Kids TR Koffin Long Black  L,
RIMC-KTR-KFN-BLK-XL,Kids TR Koffin Long Black  XL,
RIMC-KTR-KFN-BLK-2XL,Kids TR Koffin Long Black  XXL,
RIMC-TR-KFN-BLK-S,Tshirt Koffin Long Black S,
RIMC-TR-KFN-BLK-M,Tshirt Koffin Long Black M,
RIMC-TR-KFN-BLK-L,Tshirt Koffin Long Black L,
RIMC-TR-KFN-BLK-XL,Tshirt Koffin Long Black XL,
RIMC-TR-KFN-BLK-2XL,Tshirt Koffin Long Black XXL,
RIMC-TR-WLY-BLK-S,Tshirt Welly Long Black S,
RIMC-TR-WLY-BLK-M,Tshirt Welly Long Black M,
RIMC-TR-WLY-BLK-L,Tshirt Welly Long Black L,
RIMC-TR-WLY-BLK-XL,Tshirt Welly Long Black XL,
RIMC-TR-WLY-BLK-2XL,Tshirt Welly Long Black XXL,
RIMC-TR-DTL-BLK-S,Tshirt Dusty Long Black S,
RIMC-TR-DTL-BLK-M,Tshirt Dusty Long Black M,
RIMC-TR-DTL-BLK-L,Tshirt Dusty Long Black L,
RIMC-TR-DTL-BLK-XL,Tshirt Dusty Long Black XL,
RIMC-TR-DTL-BLK-2XL,Tshirt Dusty Long Black XXL,
RIMC-BG-CLS-BLK,NewsPaper Bag Carlos Black ,
RIMC-JKT-VS-GRY-L,Jaket Windbreaker Vasa Grey L,
RIMC-JKT-VS-GRY-M,Jaket Windbreaker Vasa Grey M,
RIMC-JKT-VS-GRY-S,Jaket Windbreaker Vasa Grey S,
RIMC-JKT-VS-GRY-XL,Jaket Windbreaker Vasa Grey XL,
RIMC-JKT-VS-GRY-XXL,Jaket Windbreaker Vasa Grey XXL,
RIMC-JKT-VS-MST-L,Jaket Windbreaker Vasa Grey L,
RIMC-JKT-VS-MST-M,Jaket Windbreaker Vasa Grey M,
RIMC-JKT-VS-MST-S,Jaket Windbreaker Vasa Grey S,
RIMC-JKT-VS-MST-XL,Jaket Windbreaker Vasa Grey XL,
RIMC-JKT-VS-MST-XXL,Jaket Windbreaker Vasa Grey XXL,
RIMC-JKT-VS-NVB-L,Jaket Windbreaker Vasa Grey L,
RIMC-JKT-VS-NVB-M,Jaket Windbreaker Vasa Grey M,
RIMC-JKT-VS-NVB-S,Jaket Windbreaker Vasa Grey S,
RIMC-JKT-VS-NVB-XL,Jaket Windbreaker Vasa Grey XL,
RIMC-JKT-VS-NVB-XXL,Jaket Windbreaker Vasa Grey XXL,
RIMC-BG-DNT-CRM,NewsPaper Bag Dante Cream ,
RIMC-TR-MTD-CRM-M,Tshirt Mustard M,
RIMC-TR-MTD-CRM-L,Tshirt Mustard L,
RIMC-TR-MTD-CRM-XL,Tshirt Mustard XL,
RIMC-KTR-TRG-WHT-2XL,Kids TR Torgo White XXL,
RIMC-JRNE-PRF,Parfum Journe ,
RIMC-BG-RKB-BLK,Newspaper Bag Republik Kandang Babi ,
RIMC-TR-ORT-BLK-S,Tshirt Orto Black S,
RIMC-TR-ORT-BLK-M,Tshirt Orto Black M,
RIMC-TR-ORT-BLK-L,Tshirt Orto Black L,
RIMC-TR-ORT-BLK-XL,Tshirt Orto Black XL,
RIMC-TR-ORT-BLK-2XL,Tshirt Orto Black XXL,
RIMC-TR-RMO-BLK-S,Tshirt Rimo Black  S,
RIMC-TR-RMO-BLK-M,Tshirt Rimo Black  M,
RIMC-TR-RMO-BLK-L,Tshirt Rimo Black  L,
RIMC-TR-RMO-BLK-XL,Tshirt Rimo Black  XL,
RIMC-TR-RMO-BLK-2XL,Tshirt Rimo Black  XXL,
RIMC-TR-VL-BLK-S,Tshirt Viel Black S,
RIMC-TR-VL-BLK-M,Tshirt Viel Black M,
RIMC-TR-VL-BLK-L,Tshirt Viel Black L,
RIMC-TR-VL-BLK-XL,Tshirt Viel Black XL,
RIMC-TR-VL-BLK-2XL,Tshirt Viel Black XXL,
RIMC-TLR-SPC-BLK-S,TLR Spict Black S S,
RIMC-TLR-SPC-BLK-M,TLR Spict Black M M,
RIMC-TLR-SPC-BLK-L,TLR Spict Black L L,
RIMC-TLR-SPC-BLK-XL,TLR Spict Black XL XL,
RIMC-TLR-SPC-BLK-2XL,TLR Spict Black XXL XXL,
RIMC-TR-JRY-WHT-S,Tshirt Jerry Long White S,
RIMC-TR-JRY-WHT-M,Tshirt Jerry Long White M,
RIMC-TR-JRY-WHT-L,Tshirt Jerry Long White L,
RIMC-TR-JRY-WHT-XL,Tshirt Jerry Long White XL,
RIMC-TR-JRY-WHT-2XL,Tshirt Jerry Long White XXL,
RIMC-TR-TMKL-WHT-S,Tshirt Tomkull Long White S,
RIMC-TR-TMKL-WHT-M,Tshirt Tomkull Long White M,
RIMC-TR-TMKL-WHT-L,Tshirt Tomkull Long White L,
RIMC-TR-TMKL-WHT-XL,Tshirt Tomkull Long White XL,
RIMC-TR-TMKL-WHT-2XL,Tshirt Tomkull Long White XXL,
RIMC-KTR-RMO-BLK-S,Kids TR Rimo Black S,
RIMC-KTR-RMO-BLK-M,Kids TR Rimo Black M,
RIMC-KTR-RMO-BLK-L,Kids TR Rimo Black L,
RIMC-KTR-RMO-BLK-XL,Kids TR Rimo Black XL,
RIMC-KTR-RMO-BLK-2XL,Kids TR Rimo Black XXL,
RIMC-KTR-ORT-BLK-S,Kids TR Orto Black S,
RIMC-KTR-ORT-BLK-M,Kids TR Orto Black M,
RIMC-KTR-ORT-BLK-L,Kids TR Orto Black L,
RIMC-KTR-ORT-BLK-XL,Kids TR Orto Black XL,
RIMC-KTR-ORT-BLK-2XL,Kids TR Orto Black XXL,
RIMC-KTR-VL-BLK-S,Kids TR Viel Black S,
RIMC-KTR-VL-BLK-M,Kids TR Viel Black M,
RIMC-KTR-VL-BLK-L,Kids TR Viel Black L,
RIMC-KTR-VL-BLK-XL,Kids TR Viel Black XL,
RIMC-KTR-VL-BLK-2XL,Kids TR Viel Black XXL,
RIMC-KLR-SPC-BLK-S,KLR Spict Black S,
RIMC-KLR-SPC-BLK-M,KLR Spict Black M,
RIMC-KLR-SPC-BLK-L,KLR Spict Black L,
RIMC-KLR-SPC-BLK-XL,KLR Spict Black XL,
RIMC-KLR-SPC-BLK-2XL,KLR Spict Black XXL,
RIMC-KTR-JRY-WHT-S,Kids TR Jerry Long White S,
RIMC-KTR-JRY-WHT-M,Kids TR Jerry Long White M,
RIMC-KTR-JRY-WHT-L,Kids TR Jerry Long White L,
RIMC-KTR-JRY-WHT-XL,Kids TR Jerry Long White XL,
RIMC-KTR-JRY-WHT-2XL,Kids TR Jerry Long White XXL,
RIMC-KTR-TMKL-WHT-S,Kids TR Tomkull Long White S,
RIMC-KTR-TMKL-WHT-M,Kids TR Tomkull Long White M,
RIMC-KTR-TMKL-WHT-L,Kids TR Tomkull Long White L,
RIMC-KTR-TMKL-WHT-XL,Kids TR Tomkull Long White XL,
RIMC-KTR-TMKL-WHT-2XL,Kids TR Tomkull Long White XXL,
RIMC-WS-ELT-BLK-S,Workshirt Eliot Black S,
RIMC-WS-ELT-BLK-M,Workshirt Eliot Black M,
RIMC-WS-ELT-BLK-L,Workshirt Eliot Black L,
RIMC-WS-ELT-BLK-XL,Workshirt Eliot Black XL,
RIMC-WS-ELT-BLK-2XL,Workshirt Eliot Black XXL,
RIMC-WS-FLM-GRY-S,Workshirt Flame Grey Long S,
RIMC-WS-FLM-GRY-M,Workshirt Flame Grey Long M,
RIMC-WS-FLM-GRY-L,Workshirt Flame Grey Long L,
RIMC-WS-FLM-GRY-XL,Workshirt Flame Grey Long XL,
RIMC-WS-FLM-GRY-2XL,Workshirt Flame Grey Long XXL,
RIMC-PT-FLM-WHT-YL,Pet White Flame Yellow ,
RIMC-PT-FLM-WHT-BLU,Pet White Flame Blue ,
RIMC-PT-FLM-BLK-BLU,Pet Black Flame Blue ,
RIMC-PT-FLM-SMK-YL,Pet Smoke Flame Yellow ,
RIMC-PT-FLM-CL-ORN,Pet Clear Flame Orange ,
RIMC-HLM-500-TX-LC-BLK-GLS-S-M,Helm Slim 500TX Black Glossy S-M,
RIMC-HLM-500-TX-LC-BLK-GLS-L-XL,Helm Slim 500TX Black Glossy L-XL,
RIMC-WS-NKS-GRY-S,Workshirt Nikas Grey S,
RIMC-WS-NKS-GRY-M,Workshirt Nikas Grey M,
RIMC-WS-NKS-GRY-L,Workshirt Nikas Grey L,
RIMC-WS-NKS-GRY-XL,Workshirt Nikas Grey XL,
RIMC-WS-NKS-GRY-XXL,Workshirt Nikas Grey XXL,
RIMC-TR-TSO-L,Tshirt Toso L,
RIMC-TR-TWL-L,Tshirt The Wind L,
RIMC-TR-TWL-XL,Tshirt The Wind XL,
RIMC-TR-MYA-BLK-XL,Tshirt Miya Black XL,
RIMC-WS-SPG-BLK-S,Workshirt Speega Black S,
RIMC-WS-SPG-BLK-M,Workshirt Speega Black M,
RIMC-WS-SPG-BLK-L,Workshirt Speega Black L,
RIMC-WS-SPG-BLK-XL,Workshirt Speega Black XL,
RIMC-WS-SPG-BLK-XXL,Workshirt Speega Black XXL,
RIMC-BG-EDG,Sling Bag Edgar ,
RIMC-BG-PKR-BLK,Sling Bag Parker ,
RIMC-PT-DKY-CL,Pet Ducky Warna Transparant Clear ,
RIMC-BHP-RK,Rok Seri Doja ,
RIMC-BKD-RK,Rok Doja Kids ,
RIMC-BG-MRTN-BLK,Sling Bag Marteen ,