sku,component_group,component_type,inv_code,component_name,qty,unit_cost,is_stock_tracked,notes,sequence_no,is_active
RIMC-BDR-L,MAIN,INVENTORY,,,1,0,true,,1,true
RIMC-BDR-M,MAIN,INVENTORY,,,1,0,true,,1,true
RIMC-BDR-XL,MAIN,INVENTORY,,,1,0,true,,1,true
RIMC-BG-ABN-BLK,MAIN,INVENTORY,,,1,0,true,,1,false
RIMC-BG-ABN-BWN,MAIN,INVENTORY,,,1,0,true,,1,false
RIMC-BG-ABN-GRN,MAIN,INVENTORY,,,1,0,true,,1,false
RIMC-BG-CLS-BLK,MAIN,INVENTORY,,,1,0,true,,1,true
RIMC-BG-CTR-BLK,MAIN,INVENTORY,,,1,0,true,,1,true
RIMC-BG-DNT-CRM,MAIN,INVENTORY,,,1,0,true,,1,false
RIMC-BG-DNT-GRN,MAIN,INVENTORY,,,1,0,true,,1,false
RIMC-BG-EDG,MAIN,INVENTORY,,,1,0,true,,1,true
RIMC-BG-ERG-BWN,MAIN,INVENTORY,,,1,0,true,,1,false
RIMC-BG-ERG-GRN,MAIN,INVENTORY,,,1,0,true,,1,false
RIMC-BG-ERG-GRY,MAIN,INVENTORY,,,1,0,true,,1,false
RIMC-BG-FLK-BLK,MAIN,INVENTORY,,,1,0,true,,1,false
RIMC-BG-FLK-NVB,MAIN,INVENTORY,,,1,0,true,,1,false
RIMC-BG-HGS,MAIN,INVENTORY,,,1,0,true,,1,false
RIMC-BG-HTR-BW,MAIN,INVENTORY,,,1,0,true,,1,false
RIMC-BG-HTR-SGE,MAIN,INVENTORY,,,1,0,true,,1,false
RIMC-BG-HTR-TC,MAIN,INVENTORY,,,1,0,true,,1,false
RIMC-BG-HTR-YL,MAIN,INVENTORY,,,1,0,true,,1,false
RIMC-BG-KGR-BLK,MAIN,INVENTORY,,,1,0,true,,1,false
RIMC-BG-MRK-MRN,MAIN,INVENTORY,,,1,0,true,,1,false
RIMC-BG-MRK-NVY,MAIN,INVENTORY,,,1,0,true,,1,false
RIMC-BG-MRO,MAIN,INVENTORY,,,1,0,true,,1,false
RIMC-BG-MRTN-BLK,MAIN,INVENTORY,,,1,0,true,,1,true
RIMC-BG-MTO-BLK,MAIN,INVENTORY,,,1,0,true,,1,false
RIMC-BG-MTO-BWN,MAIN,INVENTORY,,,1,0,true,,1,false
RIMC-BG-MTO-GRN,MAIN,INVENTORY,,,1,0,true,,1,false
RIMC-BG-PKR-BLK,MAIN,INVENTORY,,,1,0,true,,1,true
RIMC-BG-RGA-BLK,MAIN,INVENTORY,,,1,0,true,,1,false
RIMC-BG-RGN-BWN,MAIN,INVENTORY,,,1,0,true,,1,false
RIMC-BG-RGN-GRN,MAIN,INVENTORY,,,1,0,true,,1,false
RIMC-BG-RHD-BLK,MAIN,INVENTORY,,,1,0,true,,1,false
RIMC-BG-RKB-BLK,MAIN,INVENTORY,,,1,0,true,,1,true
RIMC-BG-RNW-BLK,MAIN,INVENTORY,,,1,0,true,,1,false
RIMC-BG-SK-WHT,MAIN,INVENTORY,,,1,0,true,,1,false
RIMC-BG-SK-YL,MAIN,INVENTORY,,,1,0,true,,1,false
RIMC-BG-TRA-BLK,MAIN,INVENTORY,,,1,0,true,,1,false
RIMC-BG-TRA-GRN,MAIN,INVENTORY,,,1,0,true,,1,false
RIMC-BG-TRA-MRN,MAIN,INVENTORY,,,1,0,true,,1,false
RIMC-BG-TRV-BLK,MAIN,INVENTORY,,,1,0,true,,1,false
RIMC-BG-TRV-BRN,MAIN,INVENTORY,,,1,0,true,,1,false
RIMC-BG-TRV-GRN,MAIN,INVENTORY,,,1,0,true,,1,false
RIMC-BG-TRV-GRY,MAIN,INVENTORY,,,1,0,true,,1,false
RIMC-BG-XBL,MAIN,INVENTORY,,,1,0,true,,1,false
RIMC-BHP-FUL-SET-L,MAIN,INVENTORY,,,1,0,true,,1,true
RIMC-BHP-FUL-SET-M,MAIN,INVENTORY,,,1,0,true,,1,true
RIMC-BHP-FUL-SET-XL,MAIN,INVENTORY,,,1,0,true,,1,true
RIMC-BHP-L,MAIN,INVENTORY,,,1,0,true,,1,true
RIMC-BHP-M,MAIN,INVENTORY,,,1,0,true,,1,true
RIMC-BHP-RK,MAIN,INVENTORY,,,1,0,true,,1,true
RIMC-BHP-XL,MAIN,INVENTORY,,,1,0,true,,1,true
RIMC-BHR-L,MAIN,INVENTORY,,,1,0,true,,1,true
RIMC-BHR-M,MAIN,INVENTORY,,,1,0,true,,1,true
RIMC-BHR-XL,MAIN,INVENTORY,,,1,0,true,,1,true
RIMC-BKD-FUL-SET-L,MAIN,INVENTORY,,,1,0,true,,1,true
RIMC-BKD-FUL-SET-M,MAIN,INVENTORY,,,1,0,true,,1,true
RIMC-BKD-FUL-SET-XL,MAIN,INVENTORY,,,1,0,true,,1,true
RIMC-BKD-L,MAIN,INVENTORY,,,1,0,true,,1,true
RIMC-BKD-M,MAIN,INVENTORY,,,1,0,true,,1,true
RIMC-BKD-RK,MAIN,INVENTORY,,,1,0,true,,1,true
RIMC-BKD-XL,MAIN,INVENTORY,,,1,0,true,,1,true
RIMC-BRF-L,MAIN,INVENTORY,,,1,0,true,,1,true
RIMC-BRF-M,MAIN,INVENTORY,,,1,0,true,,1,true
RIMC-BRF-XL,MAIN,INVENTORY,,,1,0,true,,1,true
RIMC-BRP-L-XL,MAIN,INVENTORY,,,1,0,true,,1,true
RIMC-BRP-S-M,MAIN,INVENTORY,,,1,0,true,,1,true
RIMC-BRR-L,MAIN,INVENTORY,,,1,0,true,,1,true
RIMC-BRR-M,MAIN,INVENTORY,,,1,0,true,,1,true
RIMC-BRR-XL,MAIN,INVENTORY,,,1,0,true,,1,true
RIMC-BSH-L-XL,MAIN,INVENTORY,,,1,0,true,,1,true
RIMC-BSH-S-M,MAIN,INVENTORY,,,1,0,true,,1,true
RIMC-CLN-CLA-ORN8,MAIN,INVENTORY,,,1,0,true,,1,false
RIMC-GLV-CHS-L,MAIN,INVENTORY,,,1,0,true,,1,false
RIMC-GLV-CHS-M,MAIN,INVENTORY,,,1,0,true,,1,false
RIMC-GLV-CHS-XL,MAIN,INVENTORY,,,1,0,true,,1,false
RIMC-GLV-CHS-XXL,MAIN,INVENTORY,,,1,0,true,,1,false
RIMC-GLV-CIV-BLK-2XL,MAIN,INVENTORY,,,1,0,true,,1,false
RIMC-GLV-CIV-BLK-L,MAIN,INVENTORY,,,1,0,true,,1,false
RIMC-GLV-CIV-BLK-M,MAIN,INVENTORY,,,1,0,true,,1,false
RIMC-GLV-CIV-BLK-XL,MAIN,INVENTORY,,,1,0,true,,1,false
RIMC-GLV-CIV-BLU-L,MAIN,INVENTORY,,,1,0,true,,1,false
RIMC-GLV-CIV-BLU-M,MAIN,INVENTORY,,,1,0,true,,1,false
RIMC-GLV-CIV-BLU-XL,MAIN,INVENTORY,,,1,0,true,,1,false
RIMC-GLV-CIV-BLU-XXL,MAIN,INVENTORY,,,1,0,true,,1,false
RIMC-GLV-CIV-RD-2XL,MAIN,INVENTORY,,,1,0,true,,1,false
RIMC-GLV-CIV-RD-L,MAIN,INVENTORY,,,1,0,true,,1,false
RIMC-GLV-CIV-RD-M,MAIN,INVENTORY,,,1,0,true,,1,false
RIMC-GLV-CIV-RD-S,MAIN,INVENTORY,,,1,0,true,,1,false
RIMC-GLV-CIV-RD-XL,MAIN,INVENTORY,,,1,0,true,,1,false
RIMC-GLV-KWA-23X,MAIN,INVENTORY,,,1,0,true,,1,false
RIMC-GLV-KWA-LXL,MAIN,INVENTORY,,,1,0,true,,1,false
RIMC-GLV-KWA-SM,MAIN,INVENTORY,,,1,0,true,,1,false
RIMC-GLV-MGP-L,MAIN,INVENTORY,,,1,0,true,,1,false
RIMC-GLV-MGP-M,MAIN,INVENTORY,,,1,0,true,,1,false
RIMC-GLV-MGP-XL,MAIN,INVENTORY,,,1,0,true,,1,false
RIMC-GLV-SKL-BLK-2XL,MAIN,INVENTORY,,,1,0,true,,1,false
RIMC-GLV-SKL-BLK-L,MAIN,INVENTORY,,,1,0,true,,1,false
RIMC-GLV-SKL-BLK-M,MAIN,INVENTORY,,,1,0,true,,1,false
RIMC-GLV-SKL-BLK-S,MAIN,INVENTORY,,,1,0,true,,1,false
RIMC-GLV-SKL-BLK-XL,MAIN,INVENTORY,,,1,0,true,,1,false
RIMC-GLV-SKL-ORN-2XL,MAIN,INVENTORY,,,1,0,true,,1,false
RIMC-GLV-SKL-ORN-L,MAIN,INVENTORY,,,1,0,true,,1,false
RIMC-GLV-SKL-ORN-M,MAIN,INVENTORY,,,1,0,true,,1,false
RIMC-GLV-SKL-ORN-XL,MAIN,INVENTORY,,,1,0,true,,1,false
RIMC-GLV-SKL-YL-2XL,MAIN,INVENTORY,,,1,0,true,,1,false
RIMC-GLV-SKL-YL-L,MAIN,INVENTORY,,,1,0,true,,1,false
RIMC-GLV-SKL-YL-M,MAIN,INVENTORY,,,1,0,true,,1,false
RIMC-GLV-SKL-YL-XL,MAIN,INVENTORY,,,1,0,true,,1,false
RIMC-GLV-TVR-L,MAIN,INVENTORY,,,1,0,true,,1,false
RIMC-GLV-TVR-M,MAIN,INVENTORY,,,1,0,true,,1,false
RIMC-GLV-TVR-XL,MAIN,INVENTORY,,,1,0,true,,1,false
RIMC-HLM-500-TX-BEI-GLS-L-XL,MAIN,INVENTORY,,,1,0,true,,1,true
RIMC-HLM-500-TX-BEI-GLS-L-XL-VSR-SNL-CL,MAIN,INVENTORY,,,1,0,true,,1,true
RIMC-HLM-500-TX-BEI-GLS-L-XL-VSR-SNL-SMK,MAIN,INVENTORY,,,1,0,true,,1,true
RIMC-HLM-500-TX-BEI-GLS-S-M,MAIN,INVENTORY,,,1,0,true,,1,true
RIMC-HLM-500-TX-BEI-GLS-S-M-VSR-SNL-CL,MAIN,INVENTORY,,,1,0,true,,1,true
RIMC-HLM-500-TX-BEI-GLS-S-M-VSR-SNL-SMK,MAIN,INVENTORY,,,1,0,true,,1,true
RIMC-HLM-500-TX-BLK-DOP-L-XL,MAIN,INVENTORY,,,1,0,true,,1,true
RIMC-HLM-500-TX-BLK-DOP-L-XL-VSR-SNL-CL,MAIN,INVENTORY,,,1,0,true,,1,true
RIMC-HLM-500-TX-BLK-DOP-L-XL-VSR-SNL-SMK,MAIN,INVENTORY,,,1,0,true,,1,true
RIMC-HLM-500-TX-BLK-DOP-S-M,MAIN,INVENTORY,,,1,0,true,,1,true
RIMC-HLM-500-TX-BLK-DOP-S-M-VSR-SNL-CL,MAIN,INVENTORY,,,1,0,true,,1,true
RIMC-HLM-500-TX-BLK-DOP-S-M-VSR-SNL-SMK,MAIN,INVENTORY,,,1,0,true,,1,true
RIMC-HLM-500-TX-BLK-GLS-L-XL,MAIN,INVENTORY,,,1,0,true,,1,true
RIMC-HLM-500-TX-BLK-GLS-L-XL-VSR-SNL-CL,MAIN,INVENTORY,,,1,0,true,,1,true
RIMC-HLM-500-TX-BLK-GLS-L-XL-VSR-SNL-SMK,MAIN,INVENTORY,,,1,0,true,,1,true
RIMC-HLM-500-TX-BLK-GLS-S-M,MAIN,INVENTORY,,,1,0,true,,1,true
RIMC-HLM-500-TX-BLK-GLS-S-M-VSR-SNL-CL,MAIN,INVENTORY,,,1,0,true,,1,true
RIMC-HLM-500-TX-BLK-GLS-S-M-VSR-SNL-SMK,MAIN,INVENTORY,,,1,0,true,,1,true
RIMC-HLM-500-TX-LC-BLK-GLS-L-XL,MAIN,INVENTORY,,,1,0,true,,1,true
RIMC-HLM-500-TX-LC-BLK-GLS-L-XL-VSR-SNL-CL,MAIN,INVENTORY,,,1,0,true,,1,true
RIMC-HLM-500-TX-LC-BLK-GLS-L-XL-VSR-SNL-SMK,MAIN,INVENTORY,,,1,0,true,,1,true
RIMC-HLM-500-TX-LC-BLK-GLS-S-M,MAIN,INVENTORY,,,1,0,true,,1,true
RIMC-HLM-500-TX-LC-BLK-GLS-S-M-2,MAIN,INVENTORY,,,1,0,true,,1,true
RIMC-HLM-500-TX-LC-BLK-GLS-S-M-VSR-SNL-CL,MAIN,INVENTORY,,,1,0,true,,1,true
RIMC-HLM-500-TX-LC-BLK-GLS-S-M-VSR-SNL-SMK,MAIN,INVENTORY,,,1,0,true,,1,true
RIMC-HLM-500-TX-ORN-GLS-L-XL,MAIN,INVENTORY,,,1,0,true,,1,true
RIMC-HLM-500-TX-ORN-GLS-L-XL-VSR-SNL-CL,MAIN,INVENTORY,,,1,0,true,,1,true
RIMC-HLM-500-TX-ORN-GLS-L-XL-VSR-SNL-SMK,MAIN,INVENTORY,,,1,0,true,,1,true
RIMC-HLM-500-TX-ORN-GLS-S-M,MAIN,INVENTORY,,,1,0,true,,1,true
RIMC-HLM-500-TX-ORN-GLS-S-M-VSR-SNL-CL,MAIN,INVENTORY,,,1,0,true,,1,true
RIMC-HLM-500-TX-ORN-GLS-S-M-VSR-SNL-SMK,MAIN,INVENTORY,,,1,0,true,,1,true
RIMC-HLM-500-TX-RD-GLS-L-XL,MAIN,INVENTORY,,,1,0,true,,1,true
RIMC-HLM-500-TX-RD-GLS-L-XL-VSR-SNL-CL,MAIN,INVENTORY,,,1,0,true,,1,true
RIMC-HLM-500-TX-RD-GLS-L-XL-VSR-SNL-SMK,MAIN,INVENTORY,,,1,0,true,,1,true
RIMC-HLM-500-TX-RD-GLS-S-M,MAIN,INVENTORY,,,1,0,true,,1,true
RIMC-HLM-500-TX-RD-GLS-S-M-VSR-SNL-CL,MAIN,INVENTORY,,,1,0,true,,1,true
RIMC-HLM-500-TX-RD-GLS-S-M-VSR-SNL-SMK,MAIN,INVENTORY,,,1,0,true,,1,true
RIMC-HLM-500-TX-SVR-GLS-L-XL,MAIN,INVENTORY,,,1,0,true,,1,true
RIMC-HLM-500-TX-SVR-GLS-L-XL-VSR-SNL-CL,MAIN,INVENTORY,,,1,0,true,,1,true
RIMC-HLM-500-TX-SVR-GLS-L-XL-VSR-SNL-SMK,MAIN,INVENTORY,,,1,0,true,,1,true
RIMC-HLM-500-TX-SVR-GLS-S-M,MAIN,INVENTORY,,,1,0,true,,1,true
RIMC-HLM-500-TX-SVR-GLS-S-M-VSR-SNL-CL,MAIN,INVENTORY,,,1,0,true,,1,true
RIMC-HLM-500-TX-SVR-GLS-S-M-VSR-SNL-SMK,MAIN,INVENTORY,,,1,0,true,,1,true
RIMC-HLM-500-TX-WHT-GLS-L-XL,MAIN,INVENTORY,,,1,0,true,,1,true
RIMC-HLM-500-TX-WHT-GLS-L-XL-VSR-SNL-CL,MAIN,INVENTORY,,,1,0,true,,1,true
RIMC-HLM-500-TX-WHT-GLS-L-XL-VSR-SNL-SMK,MAIN,INVENTORY,,,1,0,true,,1,true
RIMC-HLM-500-TX-WHT-GLS-S-M,MAIN,INVENTORY,,,1,0,true,,1,true
RIMC-HLM-500-TX-WHT-GLS-S-M-VSR-SNL-CL,MAIN,INVENTORY,,,1,0,true,,1,true
RIMC-HLM-500-TX-WHT-GLS-S-M-VSR-SNL-SMK,MAIN,INVENTORY,,,1,0,true,,1,true
RIMC-HLM-500-TX-YL-GLS-L-XL,MAIN,INVENTORY,,,1,0,true,,1,true
RIMC-HLM-500-TX-YL-GLS-L-XL-VSR-SNL-CL,MAIN,INVENTORY,,,1,0,true,,1,true
RIMC-HLM-500-TX-YL-GLS-L-XL-VSR-SNL-SMK,MAIN,INVENTORY,,,1,0,true,,1,true
RIMC-HLM-500-TX-YL-GLS-S-M,MAIN,INVENTORY,,,1,0,true,,1,true
RIMC-HLM-500-TX-YL-GLS-S-M-VSR-SNL-CL,MAIN,INVENTORY,,,1,0,true,,1,true
RIMC-HLM-500-TX-YL-GLS-S-M-VSR-SNL-SMK,MAIN,INVENTORY,,,1,0,true,,1,true
RIMC-HLM-CKR-ARM-L,MAIN,INVENTORY,,,1,0,true,,1,false
RIMC-HLM-CKR-ARM-M,MAIN,INVENTORY,,,1,0,true,,1,false
RIMC-HLM-CKR-ARM-XL,MAIN,INVENTORY,,,1,0,true,,1,false
RIMC-HLM-CKR-BD-L,MAIN,INVENTORY,,,1,0,true,,1,false
RIMC-HLM-CKR-BD-M,MAIN,INVENTORY,,,1,0,true,,1,false
RIMC-HLM-CKR-BD-XL,MAIN,INVENTORY,,,1,0,true,,1,false
RIMC-HLM-CKR-BG-L,MAIN,INVENTORY,,,1,0,true,,1,false
RIMC-HLM-CKR-BG-M,MAIN,INVENTORY,,,1,0,true,,1,false
RIMC-HLM-CKR-BG-XL,MAIN,INVENTORY,,,1,0,true,,1,false
RIMC-HLM-CKR-CRM-L,MAIN,INVENTORY,,,1,0,true,,1,false
RIMC-HLM-CKR-CRM-M,MAIN,INVENTORY,,,1,0,true,,1,false
RIMC-HLM-CKR-CRM-XL,MAIN,INVENTORY,,,1,0,true,,1,false
RIMC-HLM-CKR-WG-L,MAIN,INVENTORY,,,1,0,true,,1,false
RIMC-HLM-CKR-WG-M,MAIN,INVENTORY,,,1,0,true,,1,false
RIMC-HLM-CKR-WG-XL,MAIN,INVENTORY,,,1,0,true,,1,false
RIMC-HLM-CKR-YL-L,MAIN,INVENTORY,,,1,0,true,,1,false
RIMC-HLM-CKR-YL-M,MAIN,INVENTORY,,,1,0,true,,1,false
RIMC-HLM-CKR-YL-XL,MAIN,INVENTORY,,,1,0,true,,1,false
RIMC-HLM-DJA-BG-L,MAIN,INVENTORY,,,1,0,true,,1,true
RIMC-HLM-DJA-BG-L-VSR-SNL-CL,MAIN,INVENTORY,,,1,0,true,,1,true
RIMC-HLM-DJA-BG-L-VSR-SNL-SMK,MAIN,INVENTORY,,,1,0,true,,1,true
RIMC-HLM-DJA-BG-M,MAIN,INVENTORY,,,1,0,true,,1,true
RIMC-HLM-DJA-BG-M-VSR-SNL-CL,MAIN,INVENTORY,,,1,0,true,,1,true
RIMC-HLM-DJA-BG-M-VSR-SNL-SMK,MAIN,INVENTORY,,,1,0,true,,1,true
RIMC-HLM-DJA-BG-XL,MAIN,INVENTORY,,,1,0,true,,1,true
RIMC-HLM-DJA-BG-XL-VSR-SNL-CL,MAIN,INVENTORY,,,1,0,true,,1,true
RIMC-HLM-DJA-BG-XL-VSR-SNL-SMK,MAIN,INVENTORY,,,1,0,true,,1,true
RIMC-HLM-DJA-BGI-L,MAIN,INVENTORY,,,1,0,true,,1,true
RIMC-HLM-DJA-BGI-L-VSR-SNL-CL,MAIN,INVENTORY,,,1,0,true,,1,true
RIMC-HLM-DJA-BGI-L-VSR-SNL-SMK,MAIN,INVENTORY,,,1,0,true,,1,true
RIMC-HLM-DJA-BGI-M,MAIN,INVENTORY,,,1,0,true,,1,true
RIMC-HLM-DJA-BGI-M-VSR-SNL-CL,MAIN,INVENTORY,,,1,0,true,,1,true
RIMC-HLM-DJA-BGI-M-VSR-SNL-SMK,MAIN,INVENTORY,,,1,0,true,,1,true
RIMC-HLM-DJA-BGI-XL,MAIN,INVENTORY,,,1,0,true,,1,true
RIMC-HLM-DJA-BGI-XL-VSR-SNL-CL,MAIN,INVENTORY,,,1,0,true,,1,true
RIMC-HLM-DJA-BGI-XL-VSR-SNL-SMK,MAIN,INVENTORY,,,1,0,true,,1,true
RIMC-HLM-DJA-MB-L,MAIN,INVENTORY,,,1,0,true,,1,true
RIMC-HLM-DJA-MB-L-VSR-SNL-CL,MAIN,INVENTORY,,,1,0,true,,1,true
RIMC-HLM-DJA-MB-L-VSR-SNL-SMK,MAIN,INVENTORY,,,1,0,true,,1,true
RIMC-HLM-DJA-MB-M,MAIN,INVENTORY,,,1,0,true,,1,true
RIMC-HLM-DJA-MB-M-VSR-SNL-CL,MAIN,INVENTORY,,,1,0,true,,1,true
RIMC-HLM-DJA-MB-M-VSR-SNL-SMK,MAIN,INVENTORY,,,1,0,true,,1,true
RIMC-HLM-DJA-MB-XL,MAIN,INVENTORY,,,1,0,true,,1,true
RIMC-HLM-DJA-MB-XL-VSR-SNL-CL,MAIN,INVENTORY,,,1,0,true,,1,true
RIMC-HLM-DJA-MB-XL-VSR-SNL-SMK,MAIN,INVENTORY,,,1,0,true,,1,true
RIMC-HLM-DJA-ORN-L,MAIN,INVENTORY,,,1,0,true,,1,true
RIMC-HLM-DJA-ORN-L-VSR-SNL-CL,MAIN,INVENTORY,,,1,0,true,,1,true
RIMC-HLM-DJA-ORN-L-VSR-SNL-SMK,MAIN,INVENTORY,,,1,0,true,,1,true
RIMC-HLM-DJA-ORN-M,MAIN,INVENTORY,,,1,0,true,,1,true
RIMC-HLM-DJA-ORN-M-VSR-SNL-CL,MAIN,INVENTORY,,,1,0,true,,1,true
RIMC-HLM-DJA-ORN-M-VSR-SNL-SMK,MAIN,INVENTORY,,,1,0,true,,1,true
RIMC-HLM-DJA-ORN-XL,MAIN,INVENTORY,,,1,0,true,,1,true
RIMC-HLM-DJA-ORN-XL-VSR-SNL-CL,MAIN,INVENTORY,,,1,0,true,,1,true
RIMC-HLM-DJA-ORN-XL-VSR-SNL-SMK,MAIN,INVENTORY,,,1,0,true,,1,true
RIMC-HLM-DJA-RD-L,MAIN,INVENTORY,,,1,0,true,,1,true
RIMC-HLM-DJA-RD-L-VSR-SNL-CL,MAIN,INVENTORY,,,1,0,true,,1,true
RIMC-HLM-DJA-RD-L-VSR-SNL-SMK,MAIN,INVENTORY,,,1,0,true,,1,true
RIMC-HLM-DJA-RD-M,MAIN,INVENTORY,,,1,0,true,,1,true
RIMC-HLM-DJA-RD-M-VSR-SNL-CL,MAIN,INVENTORY,,,1,0,true,,1,true
RIMC-HLM-DJA-RD-M-VSR-SNL-SMK,MAIN,INVENTORY,,,1,0,true,,1,true
RIMC-HLM-DJA-RD-XL,MAIN,INVENTORY,,,1,0,true,,1,true
RIMC-HLM-DJA-RD-XL-VSR-SNL-CL,MAIN,INVENTORY,,,1,0,true,,1,true
RIMC-HLM-DJA-RD-XL-VSR-SNL-SMK,MAIN,INVENTORY,,,1,0,true,,1,true
RIMC-HLM-DJA-SVR-L,MAIN,INVENTORY,,,1,0,true,,1,true
RIMC-HLM-DJA-SVR-L-VSR-SNL-CL,MAIN,INVENTORY,,,1,0,true,,1,true
RIMC-HLM-DJA-SVR-L-VSR-SNL-SMK,MAIN,INVENTORY,,,1,0,true,,1,true
RIMC-HLM-DJA-SVR-M,MAIN,INVENTORY,,,1,0,true,,1,true
RIMC-HLM-DJA-SVR-M-VSR-SNL-CL,MAIN,INVENTORY,,,1,0,true,,1,true
RIMC-HLM-DJA-SVR-M-VSR-SNL-SMK,MAIN,INVENTORY,,,1,0,true,,1,true
RIMC-HLM-DJA-SVR-XL,MAIN,INVENTORY,,,1,0,true,,1,true
RIMC-HLM-DJA-SVR-XL-VSR-SNL-CL,MAIN,INVENTORY,,,1,0,true,,1,true
RIMC-HLM-DJA-SVR-XL-VSR-SNL-SMK,MAIN,INVENTORY,,,1,0,true,,1,true
RIMC-HLM-DJA-WG-L,MAIN,INVENTORY,,,1,0,true,,1,true
RIMC-HLM-DJA-WG-L-VSR-SNL-CL,MAIN,INVENTORY,,,1,0,true,,1,true
RIMC-HLM-DJA-WG-L-VSR-SNL-SMK,MAIN,INVENTORY,,,1,0,true,,1,true
RIMC-HLM-DJA-WG-M,MAIN,INVENTORY,,,1,0,true,,1,true
RIMC-HLM-DJA-WG-M-VSR-SNL-CL,MAIN,INVENTORY,,,1,0,true,,1,true
RIMC-HLM-DJA-WG-M-VSR-SNL-SMK,MAIN,INVENTORY,,,1,0,true,,1,true
RIMC-HLM-DJA-WG-P,MAIN,INVENTORY,,,1,0,true,,1,true
RIMC-HLM-DJA-WG-XL,MAIN,INVENTORY,,,1,0,true,,1,true
RIMC-HLM-DJA-WG-XL-VSR-SNL-CL,MAIN,INVENTORY,,,1,0,true,,1,true
RIMC-HLM-DJA-WG-XL-VSR-SNL-SMK,MAIN,INVENTORY,,,1,0,true,,1,true
RIMC-HLM-DJA-YL-L,MAIN,INVENTORY,,,1,0,true,,1,true
RIMC-HLM-DJA-YL-L-VSR-SNL-CL,MAIN,INVENTORY,,,1,0,true,,1,true
RIMC-HLM-DJA-YL-L-VSR-SNL-SMK,MAIN,INVENTORY,,,1,0,true,,1,true
RIMC-HLM-DJA-YL-M,MAIN,INVENTORY,,,1,0,true,,1,true
RIMC-HLM-DJA-YL-M-VSR-SNL-CL,MAIN,INVENTORY,,,1,0,true,,1,true
RIMC-HLM-DJA-YL-M-VSR-SNL-SMK,MAIN,INVENTORY,,,1,0,true,,1,true
RIMC-HLM-DJA-YL-XL,MAIN,INVENTORY,,,1,0,true,,1,true
RIMC-HLM-DJA-YL-XL-VSR-SNL-CL,MAIN,INVENTORY,,,1,0,true,,1,true
RIMC-HLM-DJA-YL-XL-VSR-SNL-SMK,MAIN,INVENTORY,,,1,0,true,,1,true
RIMC-HLM-DJX-BG-L,MAIN,INVENTORY,,,1,0,true,,1,true
RIMC-HLM-DJX-BG-L-VSR-SNL-CL,MAIN,INVENTORY,,,1,0,true,,1,true
RIMC-HLM-DJX-BG-L-VSR-SNL-SMK,MAIN,INVENTORY,,,1,0,true,,1,true
RIMC-HLM-DJX-BG-M,MAIN,INVENTORY,,,1,0,true,,1,true
RIMC-HLM-DJX-BG-M-VSR-SNL-CL,MAIN,INVENTORY,,,1,0,true,,1,true
RIMC-HLM-DJX-BG-M-VSR-SNL-SMK,MAIN,INVENTORY,,,1,0,true,,1,true
RIMC-HLM-DJX-BG-XL,MAIN,INVENTORY,,,1,0,true,,1,true
RIMC-HLM-DJX-BG-XL-VSR-SNL-CL,MAIN,INVENTORY,,,1,0,true,,1,true
RIMC-HLM-DJX-BG-XL-VSR-SNL-SMK,MAIN,INVENTORY,,,1,0,true,,1,true
RIMC-HLM-DJX-BGI-L,MAIN,INVENTORY,,,1,0,true,,1,true
RIMC-HLM-DJX-BGI-L-VSR-SNL-CL,MAIN,INVENTORY,,,1,0,true,,1,true
RIMC-HLM-DJX-BGI-L-VSR-SNL-SMK,MAIN,INVENTORY,,,1,0,true,,1,true
RIMC-HLM-DJX-BGI-M,MAIN,INVENTORY,,,1,0,true,,1,true
RIMC-HLM-DJX-BGI-M-VSR-SNL-CL,MAIN,INVENTORY,,,1,0,true,,1,true
RIMC-HLM-DJX-BGI-M-VSR-SNL-SMK,MAIN,INVENTORY,,,1,0,true,,1,true
RIMC-HLM-DJX-BGI-XL,MAIN,INVENTORY,,,1,0,true,,1,true
RIMC-HLM-DJX-BGI-XL-VSR-SNL-CL,MAIN,INVENTORY,,,1,0,true,,1,true
RIMC-HLM-DJX-BGI-XL-VSR-SNL-SMK,MAIN,INVENTORY,,,1,0,true,,1,true
RIMC-HLM-DJX-MB-L,MAIN,INVENTORY,,,1,0,true,,1,true
RIMC-HLM-DJX-MB-L-VSR-SNL-CL,MAIN,INVENTORY,,,1,0,true,,1,true
RIMC-HLM-DJX-MB-L-VSR-SNL-SMK,MAIN,INVENTORY,,,1,0,true,,1,true
RIMC-HLM-DJX-MB-M,MAIN,INVENTORY,,,1,0,true,,1,true
RIMC-HLM-DJX-MB-M-VSR-SNL-CL,MAIN,INVENTORY,,,1,0,true,,1,true
RIMC-HLM-DJX-MB-M-VSR-SNL-SMK,MAIN,INVENTORY,,,1,0,true,,1,true
RIMC-HLM-DJX-MB-XL,MAIN,INVENTORY,,,1,0,true,,1,true
RIMC-HLM-DJX-MB-XL-VSR-SNL-CL,MAIN,INVENTORY,,,1,0,true,,1,true
RIMC-HLM-DJX-MB-XL-VSR-SNL-SMK,MAIN,INVENTORY,,,1,0,true,,1,true
RIMC-HLM-DJX-WG-L,MAIN,INVENTORY,,,1,0,true,,1,true
RIMC-HLM-DJX-WG-L-VSR-SNL-CL,MAIN,INVENTORY,,,1,0,true,,1,true
RIMC-HLM-DJX-WG-L-VSR-SNL-SMK,MAIN,INVENTORY,,,1,0,true,,1,true
RIMC-HLM-DJX-WG-M,MAIN,INVENTORY,,,1,0,true,,1,true
RIMC-HLM-DJX-WG-M-VSR-SNL-CL,MAIN,INVENTORY,,,1,0,true,,1,true
RIMC-HLM-DJX-WG-M-VSR-SNL-SMK,MAIN,INVENTORY,,,1,0,true,,1,true
RIMC-HLM-DJX-WG-XL,MAIN,INVENTORY,,,1,0,true,,1,true
RIMC-HLM-DJX-WG-XL-VSR-SNL-CL,MAIN,INVENTORY,,,1,0,true,,1,true
RIMC-HLM-DJX-WG-XL-VSR-SNL-SMK,MAIN,INVENTORY,,,1,0,true,,1,true
RIMC-HLM-FLM-5TX-BG-GLD-L-XL,MAIN,INVENTORY,,,1,0,true,,1,true
RIMC-HLM-FLM-5TX-BG-GLD-S-M,MAIN,INVENTORY,,,1,0,true,,1,true
RIMC-HLM-FLM-5TX-BG-PPL-L-XL,MAIN,INVENTORY,,,1,0,true,,1,true
RIMC-HLM-FLM-5TX-BG-PPL-S-M,MAIN,INVENTORY,,,1,0,true,,1,true
RIMC-HLM-FLM-5TX-ORN-WHT-L-XL,MAIN,INVENTORY,,,1,0,true,,1,true
RIMC-HLM-FLM-5TX-ORN-WHT-S-M,MAIN,INVENTORY,,,1,0,true,,1,true
RIMC-HLM-FLM-5TX-SVR-BLK-L-XL,MAIN,INVENTORY,,,1,0,true,,1,true
RIMC-HLM-FLM-5TX-SVR-BLK-S-M,MAIN,INVENTORY,,,1,0,true,,1,true
RIMC-HLM-FLM-5TX-YL-RED-L-XL,MAIN,INVENTORY,,,1,0,true,,1,true
RIMC-HLM-FLM-5TX-YL-RED-S-M,MAIN,INVENTORY,,,1,0,true,,1,true
RIMC-HLM-GRG-BD-LIS-GLD,MAIN,INVENTORY,,,1,0,true,,1,false
RIMC-HLM-GRG-BG-LIS-GLD,MAIN,INVENTORY,,,1,0,true,,1,false
RIMC-HLM-GRG-BLK-DOP,MAIN,INVENTORY,,,1,0,true,,1,false
RIMC-HLM-GRG-BLK-GLS,MAIN,INVENTORY,,,1,0,true,,1,false
RIMC-HLM-GRG-GRY-DOP,MAIN,INVENTORY,,,1,0,true,,1,false
RIMC-HLM-GRG-GRY-MDR,MAIN,INVENTORY,,,1,0,true,,1,false
RIMC-HLM-GRG-VSR-BLK-DOP,MAIN,INVENTORY,,,1,0,true,,1,false
RIMC-HLM-GRG-VSR-BLK-GLS,MAIN,INVENTORY,,,1,0,true,,1,false
RIMC-HLM-GRG-VSR-BWN-GLS,MAIN,INVENTORY,,,1,0,true,,1,false
RIMC-HLM-GRG-VSR-CRM-GLS,MAIN,INVENTORY,,,1,0,true,,1,false
RIMC-HLM-GRG-VSR-GRY-DOP,MAIN,INVENTORY,,,1,0,true,,1,false
RIMC-HLM-GRG-VSR-GRY-DOP-DTR,MAIN,INVENTORY,,,1,0,true,,1,false
RIMC-HLM-GRG-VSR-GRY-MDR,MAIN,INVENTORY,,,1,0,true,,1,false
RIMC-HLM-GRG-VSR-RED-DOP,MAIN,INVENTORY,,,1,0,true,,1,false
RIMC-HLM-GRG-WHT-GLS,MAIN,INVENTORY,,,1,0,true,,1,false
RIMC-HLM-JTS-ARM-DOP-L,MAIN,INVENTORY,,,1,0,true,,1,false
RIMC-HLM-JTS-ARM-DOP-M,MAIN,INVENTORY,,,1,0,true,,1,false
RIMC-HLM-JTS-ARM-DOP-XL,MAIN,INVENTORY,,,1,0,true,,1,false
RIMC-HLM-JTS-BLK-DOP-L,MAIN,INVENTORY,,,1,0,true,,1,false
RIMC-HLM-JTS-BLK-DOP-M,MAIN,INVENTORY,,,1,0,true,,1,false
RIMC-HLM-JTS-BLK-DOP-XL,MAIN,INVENTORY,,,1,0,true,,1,false
RIMC-HLM-JTS-BLK-GLS-L,MAIN,INVENTORY,,,1,0,true,,1,false
RIMC-HLM-JTS-BLK-GLS-M,MAIN,INVENTORY,,,1,0,true,,1,false
RIMC-HLM-JTS-BLK-GLS-XL,MAIN,INVENTORY,,,1,0,true,,1,false
RIMC-HLM-JTS-GRY-DOP-L,MAIN,INVENTORY,,,1,0,true,,1,false
RIMC-HLM-JTS-GRY-DOP-M,MAIN,INVENTORY,,,1,0,true,,1,false
RIMC-HLM-JTS-GRY-DOP-XL,MAIN,INVENTORY,,,1,0,true,,1,false
RIMC-HLM-JTS-MRN-DOP-L,MAIN,INVENTORY,,,1,0,true,,1,false
RIMC-HLM-JTS-MRN-DOP-M,MAIN,INVENTORY,,,1,0,true,,1,false
RIMC-HLM-JTS-MRN-DOP-XL,MAIN,INVENTORY,,,1,0,true,,1,false
RIMC-HLM-JTS-TSC-BLU-L,MAIN,INVENTORY,,,1,0,true,,1,false
RIMC-HLM-JTS-TSC-BLU-M,MAIN,INVENTORY,,,1,0,true,,1,false
RIMC-HLM-JTS-TSC-BLU-XL,MAIN,INVENTORY,,,1,0,true,,1,false
RIMC-HLM-JTS-WHT-GLS-L,MAIN,INVENTORY,,,1,0,true,,1,false
RIMC-HLM-JTS-WHT-GLS-M,MAIN,INVENTORY,,,1,0,true,,1,false
RIMC-HLM-JTS-WHT-GLS-XL,MAIN,INVENTORY,,,1,0,true,,1,false
RIMC-HLM-JTS-YL-GLS-L,MAIN,INVENTORY,,,1,0,true,,1,false
RIMC-HLM-JTS-YL-GLS-M,MAIN,INVENTORY,,,1,0,true,,1,false
RIMC-HLM-JTS-YL-GLS-XL,MAIN,INVENTORY,,,1,0,true,,1,false
RIMC-HLM-KDJ-BG-L,MAIN,INVENTORY,,,1,0,true,,1,true
RIMC-HLM-KDJ-BG-L-BG5-CL,MAIN,INVENTORY,,,1,0,true,,1,true
RIMC-HLM-KDJ-BG-L-BG5-SMK,MAIN,INVENTORY,,,1,0,true,,1,true
RIMC-HLM-KDJ-BG-L-PWT-BLU,MAIN,INVENTORY,,,1,0,true,,1,true
RIMC-HLM-KDJ-BG-L-PWT-CL,MAIN,INVENTORY,,,1,0,true,,1,true
RIMC-HLM-KDJ-BG-L-PWT-ORN,MAIN,INVENTORY,,,1,0,true,,1,true
RIMC-HLM-KDJ-BG-L-PWT-SMK,MAIN,INVENTORY,,,1,0,true,,1,true
RIMC-HLM-KDJ-BG-L-PWT-YL,MAIN,INVENTORY,,,1,0,true,,1,true
RIMC-HLM-KDJ-BG-M,MAIN,INVENTORY,,,1,0,true,,1,true
RIMC-HLM-KDJ-BG-M-BG5-CL,MAIN,INVENTORY,,,1,0,true,,1,true
RIMC-HLM-KDJ-BG-M-BG5-SMK,MAIN,INVENTORY,,,1,0,true,,1,true
RIMC-HLM-KDJ-BG-M-PWT-BLU,MAIN,INVENTORY,,,1,0,true,,1,true
RIMC-HLM-KDJ-BG-M-PWT-CL,MAIN,INVENTORY,,,1,0,true,,1,true
RIMC-HLM-KDJ-BG-M-PWT-ORN,MAIN,INVENTORY,,,1,0,true,,1,true
RIMC-HLM-KDJ-BG-M-PWT-SMK,MAIN,INVENTORY,,,1,0,true,,1,true
RIMC-HLM-KDJ-BG-M-PWT-YL,MAIN,INVENTORY,,,1,0,true,,1,true
RIMC-HLM-KDJ-BG-XL,MAIN,INVENTORY,,,1,0,true,,1,true
RIMC-HLM-KDJ-BG-XL-BG5-CL,MAIN,INVENTORY,,,1,0,true,,1,true
RIMC-HLM-KDJ-BG-XL-BG5-SMK,MAIN,INVENTORY,,,1,0,true,,1,true
RIMC-HLM-KDJ-BG-XL-PWT-BLU,MAIN,INVENTORY,,,1,0,true,,1,true
RIMC-HLM-KDJ-BG-XL-PWT-CL,MAIN,INVENTORY,,,1,0,true,,1,true
RIMC-HLM-KDJ-BG-XL-PWT-ORN,MAIN,INVENTORY,,,1,0,true,,1,true
RIMC-HLM-KDJ-BG-XL-PWT-SMK,MAIN,INVENTORY,,,1,0,true,,1,true
RIMC-HLM-KDJ-BG-XL-PWT-YL,MAIN,INVENTORY,,,1,0,true,,1,true
RIMC-HLM-KDJ-BGI-L,MAIN,INVENTORY,,,1,0,true,,1,true
RIMC-HLM-KDJ-BGI-L-BG5-CL,MAIN,INVENTORY,,,1,0,true,,1,true
RIMC-HLM-KDJ-BGI-L-BG5-SMK,MAIN,INVENTORY,,,1,0,true,,1,true
RIMC-HLM-KDJ-BGI-L-PWT-BLU,MAIN,INVENTORY,,,1,0,true,,1,true
RIMC-HLM-KDJ-BGI-L-PWT-CL,MAIN,INVENTORY,,,1,0,true,,1,true
RIMC-HLM-KDJ-BGI-L-PWT-ORN,MAIN,INVENTORY,,,1,0,true,,1,true
RIMC-HLM-KDJ-BGI-L-PWT-SMK,MAIN,INVENTORY,,,1,0,true,,1,true
RIMC-HLM-KDJ-BGI-L-PWT-YL,MAIN,INVENTORY,,,1,0,true,,1,true
RIMC-HLM-KDJ-BGI-M,MAIN,INVENTORY,,,1,0,true,,1,true
RIMC-HLM-KDJ-BGI-M-BG5-CL,MAIN,INVENTORY,,,1,0,true,,1,true
RIMC-HLM-KDJ-BGI-M-BG5-SMK,MAIN,INVENTORY,,,1,0,true,,1,true
RIMC-HLM-KDJ-BGI-M-PWT-BLU,MAIN,INVENTORY,,,1,0,true,,1,true
RIMC-HLM-KDJ-BGI-M-PWT-CL,MAIN,INVENTORY,,,1,0,true,,1,true
RIMC-HLM-KDJ-BGI-M-PWT-ORN,MAIN,INVENTORY,,,1,0,true,,1,true
RIMC-HLM-KDJ-BGI-M-PWT-SMK,MAIN,INVENTORY,,,1,0,true,,1,true
RIMC-HLM-KDJ-BGI-M-PWT-YL,MAIN,INVENTORY,,,1,0,true,,1,true
RIMC-HLM-KDJ-BGI-XL,MAIN,INVENTORY,,,1,0,true,,1,true
RIMC-HLM-KDJ-BGI-XL-BG5-CL,MAIN,INVENTORY,,,1,0,true,,1,true
RIMC-HLM-KDJ-BGI-XL-BG5-SMK,MAIN,INVENTORY,,,1,0,true,,1,true
RIMC-HLM-KDJ-BGI-XL-PWT-BLU,MAIN,INVENTORY,,,1,0,true,,1,true
RIMC-HLM-KDJ-BGI-XL-PWT-CL,MAIN,INVENTORY,,,1,0,true,,1,true
RIMC-HLM-KDJ-BGI-XL-PWT-ORN,MAIN,INVENTORY,,,1,0,true,,1,true
RIMC-HLM-KDJ-BGI-XL-PWT-SMK,MAIN,INVENTORY,,,1,0,true,,1,true
RIMC-HLM-KDJ-BGI-XL-PWT-YL,MAIN,INVENTORY,,,1,0,true,,1,true
RIMC-HLM-KDJ-MB-L,MAIN,INVENTORY,,,1,0,true,,1,true
RIMC-HLM-KDJ-MB-L-BG5-CL,MAIN,INVENTORY,,,1,0,true,,1,true
RIMC-HLM-KDJ-MB-L-BG5-SMK,MAIN,INVENTORY,,,1,0,true,,1,true
RIMC-HLM-KDJ-MB-L-PWT-BLU,MAIN,INVENTORY,,,1,0,true,,1,true
RIMC-HLM-KDJ-MB-L-PWT-CL,MAIN,INVENTORY,,,1,0,true,,1,true
RIMC-HLM-KDJ-MB-L-PWT-ORN,MAIN,INVENTORY,,,1,0,true,,1,true
RIMC-HLM-KDJ-MB-L-PWT-SMK,MAIN,INVENTORY,,,1,0,true,,1,true
RIMC-HLM-KDJ-MB-L-PWT-YL,MAIN,INVENTORY,,,1,0,true,,1,true
RIMC-HLM-KDJ-MB-M,MAIN,INVENTORY,,,1,0,true,,1,true
RIMC-HLM-KDJ-MB-M-BG5-CL,MAIN,INVENTORY,,,1,0,true,,1,true
RIMC-HLM-KDJ-MB-M-BG5-SMK,MAIN,INVENTORY,,,1,0,true,,1,true
RIMC-HLM-KDJ-MB-M-PWT-BLU,MAIN,INVENTORY,,,1,0,true,,1,true
RIMC-HLM-KDJ-MB-M-PWT-CL,MAIN,INVENTORY,,,1,0,true,,1,true
RIMC-HLM-KDJ-MB-M-PWT-ORN,MAIN,INVENTORY,,,1,0,true,,1,true
RIMC-HLM-KDJ-MB-M-PWT-SMK,MAIN,INVENTORY,,,1,0,true,,1,true
RIMC-HLM-KDJ-MB-M-PWT-YL,MAIN,INVENTORY,,,1,0,true,,1,true
RIMC-HLM-KDJ-MB-XL,MAIN,INVENTORY,,,1,0,true,,1,true
RIMC-HLM-KDJ-MB-XL-BG5-CL,MAIN,INVENTORY,,,1,0,true,,1,true
RIMC-HLM-KDJ-MB-XL-BG5-SMK,MAIN,INVENTORY,,,1,0,true,,1,true
RIMC-HLM-KDJ-MB-XL-PWT-BLU,MAIN,INVENTORY,,,1,0,true,,1,true
RIMC-HLM-KDJ-MB-XL-PWT-CL,MAIN,INVENTORY,,,1,0,true,,1,true
RIMC-HLM-KDJ-MB-XL-PWT-ORN,MAIN,INVENTORY,,,1,0,true,,1,true
RIMC-HLM-KDJ-MB-XL-PWT-SMK,MAIN,INVENTORY,,,1,0,true,,1,true
RIMC-HLM-KDJ-MB-XL-PWT-YL,MAIN,INVENTORY,,,1,0,true,,1,true
RIMC-HLM-KDJ-ORN-L,MAIN,INVENTORY,,,1,0,true,,1,true
RIMC-HLM-KDJ-ORN-L-BG5-CL,MAIN,INVENTORY,,,1,0,true,,1,true
RIMC-HLM-KDJ-ORN-L-BG5-SMK,MAIN,INVENTORY,,,1,0,true,,1,true
RIMC-HLM-KDJ-ORN-L-PWT-BLU,MAIN,INVENTORY,,,1,0,true,,1,true
RIMC-HLM-KDJ-ORN-L-PWT-CL,MAIN,INVENTORY,,,1,0,true,,1,true
RIMC-HLM-KDJ-ORN-L-PWT-ORN,MAIN,INVENTORY,,,1,0,true,,1,true
RIMC-HLM-KDJ-ORN-L-PWT-SMK,MAIN,INVENTORY,,,1,0,true,,1,true
RIMC-HLM-KDJ-ORN-L-PWT-YL,MAIN,INVENTORY,,,1,0,true,,1,true
RIMC-HLM-KDJ-ORN-M,MAIN,INVENTORY,,,1,0,true,,1,true
RIMC-HLM-KDJ-ORN-M-BG5-CL,MAIN,INVENTORY,,,1,0,true,,1,true
RIMC-HLM-KDJ-ORN-M-BG5-SMK,MAIN,INVENTORY,,,1,0,true,,1,true
RIMC-HLM-KDJ-ORN-M-PWT-BLU,MAIN,INVENTORY,,,1,0,true,,1,true
RIMC-HLM-KDJ-ORN-M-PWT-CL,MAIN,INVENTORY,,,1,0,true,,1,true
RIMC-HLM-KDJ-ORN-M-PWT-ORN,MAIN,INVENTORY,,,1,0,true,,1,true
RIMC-HLM-KDJ-ORN-M-PWT-SMK,MAIN,INVENTORY,,,1,0,true,,1,true
RIMC-HLM-KDJ-ORN-M-PWT-YL,MAIN,INVENTORY,,,1,0,true,,1,true
RIMC-HLM-KDJ-ORN-XL,MAIN,INVENTORY,,,1,0,true,,1,true
RIMC-HLM-KDJ-ORN-XL-BG5-CL,MAIN,INVENTORY,,,1,0,true,,1,true
RIMC-HLM-KDJ-ORN-XL-BG5-SMK,MAIN,INVENTORY,,,1,0,true,,1,true
RIMC-HLM-KDJ-ORN-XL-PWT-BLU,MAIN,INVENTORY,,,1,0,true,,1,true
RIMC-HLM-KDJ-ORN-XL-PWT-CL,MAIN,INVENTORY,,,1,0,true,,1,true
RIMC-HLM-KDJ-ORN-XL-PWT-ORN,MAIN,INVENTORY,,,1,0,true,,1,true
RIMC-HLM-KDJ-ORN-XL-PWT-SMK,MAIN,INVENTORY,,,1,0,true,,1,true
RIMC-HLM-KDJ-ORN-XL-PWT-YL,MAIN,INVENTORY,,,1,0,true,,1,true
RIMC-HLM-KDJ-PNK-L,MAIN,INVENTORY,,,1,0,true,,1,true
RIMC-HLM-KDJ-PNK-L-BG5-CL,MAIN,INVENTORY,,,1,0,true,,1,true
RIMC-HLM-KDJ-PNK-L-BG5-SMK,MAIN,INVENTORY,,,1,0,true,,1,true
RIMC-HLM-KDJ-PNK-L-PWT-BLU,MAIN,INVENTORY,,,1,0,true,,1,true
RIMC-HLM-KDJ-PNK-L-PWT-CL,MAIN,INVENTORY,,,1,0,true,,1,true
RIMC-HLM-KDJ-PNK-L-PWT-ORN,MAIN,INVENTORY,,,1,0,true,,1,true
RIMC-HLM-KDJ-PNK-L-PWT-SMK,MAIN,INVENTORY,,,1,0,true,,1,true
RIMC-HLM-KDJ-PNK-L-PWT-YL,MAIN,INVENTORY,,,1,0,true,,1,true
RIMC-HLM-KDJ-PNK-M,MAIN,INVENTORY,,,1,0,true,,1,true
RIMC-HLM-KDJ-PNK-M-BG5-CL,MAIN,INVENTORY,,,1,0,true,,1,true
RIMC-HLM-KDJ-PNK-M-BG5-SMK,MAIN,INVENTORY,,,1,0,true,,1,true
RIMC-HLM-KDJ-PNK-M-PWT-BLU,MAIN,INVENTORY,,,1,0,true,,1,true
RIMC-HLM-KDJ-PNK-M-PWT-CL,MAIN,INVENTORY,,,1,0,true,,1,true
RIMC-HLM-KDJ-PNK-M-PWT-ORN,MAIN,INVENTORY,,,1,0,true,,1,true
RIMC-HLM-KDJ-PNK-M-PWT-SMK,MAIN,INVENTORY,,,1,0,true,,1,true
RIMC-HLM-KDJ-PNK-M-PWT-YL,MAIN,INVENTORY,,,1,0,true,,1,true
RIMC-HLM-KDJ-PNK-XL,MAIN,INVENTORY,,,1,0,true,,1,true
RIMC-HLM-KDJ-PNK-XL-BG5-CL,MAIN,INVENTORY,,,1,0,true,,1,true
RIMC-HLM-KDJ-PNK-XL-BG5-SMK,MAIN,INVENTORY,,,1,0,true,,1,true
RIMC-HLM-KDJ-PNK-XL-PWT-BLU,MAIN,INVENTORY,,,1,0,true,,1,true
RIMC-HLM-KDJ-PNK-XL-PWT-CL,MAIN,INVENTORY,,,1,0,true,,1,true
RIMC-HLM-KDJ-PNK-XL-PWT-ORN,MAIN,INVENTORY,,,1,0,true,,1,true
RIMC-HLM-KDJ-PNK-XL-PWT-SMK,MAIN,INVENTORY,,,1,0,true,,1,true
RIMC-HLM-KDJ-PNK-XL-PWT-YL,MAIN,INVENTORY,,,1,0,true,,1,true
RIMC-HLM-KDJ-SVR-L,MAIN,INVENTORY,,,1,0,true,,1,true
RIMC-HLM-KDJ-SVR-L-BG5-CL,MAIN,INVENTORY,,,1,0,true,,1,true
RIMC-HLM-KDJ-SVR-L-BG5-SMK,MAIN,INVENTORY,,,1,0,true,,1,true
RIMC-HLM-KDJ-SVR-L-PWT-BLU,MAIN,INVENTORY,,,1,0,true,,1,true
RIMC-HLM-KDJ-SVR-L-PWT-CL,MAIN,INVENTORY,,,1,0,true,,1,true
RIMC-HLM-KDJ-SVR-L-PWT-ORN,MAIN,INVENTORY,,,1,0,true,,1,true
RIMC-HLM-KDJ-SVR-L-PWT-SMK,MAIN,INVENTORY,,,1,0,true,,1,true
RIMC-HLM-KDJ-SVR-L-PWT-YL,MAIN,INVENTORY,,,1,0,true,,1,true
RIMC-HLM-KDJ-SVR-M,MAIN,INVENTORY,,,1,0,true,,1,true
RIMC-HLM-KDJ-SVR-M-BG5-CL,MAIN,INVENTORY,,,1,0,true,,1,true
RIMC-HLM-KDJ-SVR-M-BG5-SMK,MAIN,INVENTORY,,,1,0,true,,1,true
RIMC-HLM-KDJ-SVR-M-PWT-BLU,MAIN,INVENTORY,,,1,0,true,,1,true
RIMC-HLM-KDJ-SVR-M-PWT-CL,MAIN,INVENTORY,,,1,0,true,,1,true
RIMC-HLM-KDJ-SVR-M-PWT-ORN,MAIN,INVENTORY,,,1,0,true,,1,true
RIMC-HLM-KDJ-SVR-M-PWT-SMK,MAIN,INVENTORY,,,1,0,true,,1,true
RIMC-HLM-KDJ-SVR-M-PWT-YL,MAIN,INVENTORY,,,1,0,true,,1,true
RIMC-HLM-KDJ-SVR-XL,MAIN,INVENTORY,,,1,0,true,,1,true
RIMC-HLM-KDJ-SVR-XL-BG5-CL,MAIN,INVENTORY,,,1,0,true,,1,true
RIMC-HLM-KDJ-SVR-XL-BG5-SMK,MAIN,INVENTORY,,,1,0,true,,1,true
RIMC-HLM-KDJ-SVR-XL-PWT-BLU,MAIN,INVENTORY,,,1,0,true,,1,true
RIMC-HLM-KDJ-SVR-XL-PWT-CL,MAIN,INVENTORY,,,1,0,true,,1,true
RIMC-HLM-KDJ-SVR-XL-PWT-ORN,MAIN,INVENTORY,,,1,0,true,,1,true
RIMC-HLM-KDJ-SVR-XL-PWT-SMK,MAIN,INVENTORY,,,1,0,true,,1,true
RIMC-HLM-KDJ-SVR-XL-PWT-YL,MAIN,INVENTORY,,,1,0,true,,1,true
RIMC-HLM-KDJ-WG-L,MAIN,INVENTORY,,,1,0,true,,1,true
RIMC-HLM-KDJ-WG-L-BG5-CL,MAIN,INVENTORY,,,1,0,true,,1,true
RIMC-HLM-KDJ-WG-L-BG5-SMK,MAIN,INVENTORY,,,1,0,true,,1,true
RIMC-HLM-KDJ-WG-L-PWT-BLU,MAIN,INVENTORY,,,1,0,true,,1,true
RIMC-HLM-KDJ-WG-L-PWT-CL,MAIN,INVENTORY,,,1,0,true,,1,true
RIMC-HLM-KDJ-WG-L-PWT-ORN,MAIN,INVENTORY,,,1,0,true,,1,true
RIMC-HLM-KDJ-WG-L-PWT-SMK,MAIN,INVENTORY,,,1,0,true,,1,true
RIMC-HLM-KDJ-WG-L-PWT-YL,MAIN,INVENTORY,,,1,0,true,,1,true
RIMC-HLM-KDJ-WG-M,MAIN,INVENTORY,,,1,0,true,,1,true
RIMC-HLM-KDJ-WG-M-BG5-CL,MAIN,INVENTORY,,,1,0,true,,1,true
RIMC-HLM-KDJ-WG-M-BG5-SMK,MAIN,INVENTORY,,,1,0,true,,1,true
RIMC-HLM-KDJ-WG-M-PWT-BLU,MAIN,INVENTORY,,,1,0,true,,1,true
RIMC-HLM-KDJ-WG-M-PWT-CL,MAIN,INVENTORY,,,1,0,true,,1,true
RIMC-HLM-KDJ-WG-M-PWT-ORN,MAIN,INVENTORY,,,1,0,true,,1,true
RIMC-HLM-KDJ-WG-M-PWT-SMK,MAIN,INVENTORY,,,1,0,true,,1,true
RIMC-HLM-KDJ-WG-M-PWT-YL,MAIN,INVENTORY,,,1,0,true,,1,true
RIMC-HLM-KDJ-WG-XL,MAIN,INVENTORY,,,1,0,true,,1,true
RIMC-HLM-KDJ-WG-XL-BG5-CL,MAIN,INVENTORY,,,1,0,true,,1,true
RIMC-HLM-KDJ-WG-XL-BG5-SMK,MAIN,INVENTORY,,,1,0,true,,1,true
RIMC-HLM-KDJ-WG-XL-PWT-BLU,MAIN,INVENTORY,,,1,0,true,,1,true
RIMC-HLM-KDJ-WG-XL-PWT-CL,MAIN,INVENTORY,,,1,0,true,,1,true
RIMC-HLM-KDJ-WG-XL-PWT-ORN,MAIN,INVENTORY,,,1,0,true,,1,true
RIMC-HLM-KDJ-WG-XL-PWT-SMK,MAIN,INVENTORY,,,1,0,true,,1,true
RIMC-HLM-KDJ-WG-XL-PWT-YL,MAIN,INVENTORY,,,1,0,true,,1,true
RIMC-HLM-M30-BLK-DOP,MAIN,INVENTORY,,,1,0,true,,1,false
RIMC-HLM-M30-BLK-GLS,MAIN,INVENTORY,,,1,0,true,,1,false
RIMC-HLM-M30-WHT-GLS,MAIN,INVENTORY,,,1,0,true,,1,false
RIMC-HLM-M50-ARM-DOP,MAIN,INVENTORY,,,1,0,true,,1,false
RIMC-HLM-M50-BLK-DOP,MAIN,INVENTORY,,,1,0,true,,1,false
RIMC-HLM-M50-BLK-GLS,MAIN,INVENTORY,,,1,0,true,,1,false
RIMC-HLM-M50-CRM-DOP,MAIN,INVENTORY,,,1,0,true,,1,false
RIMC-HLM-M50-GRY-DOP,MAIN,INVENTORY,,,1,0,true,,1,false
RIMC-HLM-M50-GRY-MDR,MAIN,INVENTORY,,,1,0,true,,1,false
RIMC-HLM-M50-MGN-DOP,MAIN,INVENTORY,,,1,0,true,,1,false
RIMC-HLM-M50-MGN-GLS,MAIN,INVENTORY,,,1,0,true,,1,false
RIMC-HLM-M50-SVR-DOP,MAIN,INVENTORY,,,1,0,true,,1,false
RIMC-HLM-M50-SVR-GLS,MAIN,INVENTORY,,,1,0,true,,1,false
RIMC-HLM-M50-WHT-GLS,MAIN,INVENTORY,,,1,0,true,,1,false
RIMC-HLM-M50-YL-GLS,MAIN,INVENTORY,,,1,0,true,,1,false
RIMC-HLM-MNMT-GRY-GLS,MAIN,INVENTORY,,,1,0,true,,1,false
RIMC-HLM-MNMT-SVR-GLS,MAIN,INVENTORY,,,1,0,true,,1,false
RIMC-HLM-MNMT-WHT-GLS,MAIN,INVENTORY,,,1,0,true,,1,false
RIMC-HLM-NRS-BLU-L-NEW,MAIN,INVENTORY,,,1,0,true,,1,false
RIMC-HLM-NRS-BLU-M-NEW,MAIN,INVENTORY,,,1,0,true,,1,false
RIMC-HLM-NRS-BLU-XL-NEW,MAIN,INVENTORY,,,1,0,true,,1,false
RIMC-HLM-NRS-CRM-L-NEW,MAIN,INVENTORY,,,1,0,true,,1,false
RIMC-HLM-NRS-CRM-M-NEW,MAIN,INVENTORY,,,1,0,true,,1,false
RIMC-HLM-NRS-CRM-XL-NEW,MAIN,INVENTORY,,,1,0,true,,1,false
RIMC-HLM-NRS-PNK-L-NEW,MAIN,INVENTORY,,,1,0,true,,1,false
RIMC-HLM-NRS-PNK-M-NEW,MAIN,INVENTORY,,,1,0,true,,1,false
RIMC-HLM-NRS-PNK-XL-NEW,MAIN,INVENTORY,,,1,0,true,,1,false
RIMC-HLM-NRS-PPL-L-NEW,MAIN,INVENTORY,,,1,0,true,,1,false
RIMC-HLM-NRS-PPL-M-NEW,MAIN,INVENTORY,,,1,0,true,,1,false
RIMC-HLM-NRS-PPL-XL-NEW,MAIN,INVENTORY,,,1,0,true,,1,false
RIMC-HLM-NRS-TSC-L-NEW,MAIN,INVENTORY,,,1,0,true,,1,false
RIMC-HLM-NRS-TSC-M-NEW,MAIN,INVENTORY,,,1,0,true,,1,false
RIMC-HLM-NRS-TSC-XL-NEW,MAIN,INVENTORY,,,1,0,true,,1,false
RIMC-HLM-NRS-WHT-L-NEW,MAIN,INVENTORY,,,1,0,true,,1,false
RIMC-HLM-NRS-WHT-M-NEW,MAIN,INVENTORY,,,1,0,true,,1,false
RIMC-HLM-NRS-WHT-XL-NEW,MAIN,INVENTORY,,,1,0,true,,1,false
RIMC-HLM-RSA-BLU-L,MAIN,INVENTORY,,,1,0,true,,1,false
RIMC-HLM-RSA-BLU-L-BG5-CL-OLD,MAIN,INVENTORY,,,1,0,true,,1,false
RIMC-HLM-RSA-BLU-L-BG5-SMK-OLD,MAIN,INVENTORY,,,1,0,true,,1,false
RIMC-HLM-RSA-BLU-L-BG6-CL-OLD,MAIN,INVENTORY,,,1,0,true,,1,false
RIMC-HLM-RSA-BLU-L-BG6-SMK-OLD,MAIN,INVENTORY,,,1,0,true,,1,false
RIMC-HLM-RSA-BLU-M,MAIN,INVENTORY,,,1,0,true,,1,false
RIMC-HLM-RSA-BLU-M-BG5-CL-OLD,MAIN,INVENTORY,,,1,0,true,,1,false
RIMC-HLM-RSA-BLU-M-BG5-SMK-OLD,MAIN,INVENTORY,,,1,0,true,,1,false
RIMC-HLM-RSA-BLU-M-BG6-CL-OLD,MAIN,INVENTORY,,,1,0,true,,1,false
RIMC-HLM-RSA-BLU-M-BG6-SMK-OLD,MAIN,INVENTORY,,,1,0,true,,1,false
RIMC-HLM-RSA-BLU-XL,MAIN,INVENTORY,,,1,0,true,,1,false
RIMC-HLM-RSA-BLU-XL-BG5-CL-OLD,MAIN,INVENTORY,,,1,0,true,,1,false
RIMC-HLM-RSA-BLU-XL-BG5-SMK-OLD,MAIN,INVENTORY,,,1,0,true,,1,false
RIMC-HLM-RSA-BLU-XL-BG6-CL-OLD,MAIN,INVENTORY,,,1,0,true,,1,false
RIMC-HLM-RSA-BLU-XL-BG6-SMK-OLD,MAIN,INVENTORY,,,1,0,true,,1,false
RIMC-HLM-RSA-CRM-L,MAIN,INVENTORY,,,1,0,true,,1,false
RIMC-HLM-RSA-CRM-L-BG5-CL-OLD,MAIN,INVENTORY,,,1,0,true,,1,false
RIMC-HLM-RSA-CRM-L-BG5-SMK-OLD,MAIN,INVENTORY,,,1,0,true,,1,false
RIMC-HLM-RSA-CRM-L-BG6-CL-OLD,MAIN,INVENTORY,,,1,0,true,,1,false
RIMC-HLM-RSA-CRM-L-BG6-SMK-OLD,MAIN,INVENTORY,,,1,0,true,,1,false
RIMC-HLM-RSA-CRM-M,MAIN,INVENTORY,,,1,0,true,,1,false
RIMC-HLM-RSA-CRM-M-BG5-CL-OLD,MAIN,INVENTORY,,,1,0,true,,1,false
RIMC-HLM-RSA-CRM-M-BG5-SMK-OLD,MAIN,INVENTORY,,,1,0,true,,1,false
RIMC-HLM-RSA-CRM-M-BG6-CL-OLD,MAIN,INVENTORY,,,1,0,true,,1,false
RIMC-HLM-RSA-CRM-M-BG6-SMK-OLD,MAIN,INVENTORY,,,1,0,true,,1,false
RIMC-HLM-RSA-CRM-XL,MAIN,INVENTORY,,,1,0,true,,1,false
RIMC-HLM-RSA-CRM-XL-BG5-CL-OLD,MAIN,INVENTORY,,,1,0,true,,1,false
RIMC-HLM-RSA-CRM-XL-BG5-SMK-OLD,MAIN,INVENTORY,,,1,0,true,,1,false
RIMC-HLM-RSA-CRM-XL-BG6-CL-OLD,MAIN,INVENTORY,,,1,0,true,,1,false
RIMC-HLM-RSA-CRM-XL-BG6-SMK-OLD,MAIN,INVENTORY,,,1,0,true,,1,false
RIMC-HLM-RSA-PNK-L,MAIN,INVENTORY,,,1,0,true,,1,false
RIMC-HLM-RSA-PNK-L-BG5-CL-OLD,MAIN,INVENTORY,,,1,0,true,,1,false
RIMC-HLM-RSA-PNK-L-BG5-SMK-OLD,MAIN,INVENTORY,,,1,0,true,,1,false
RIMC-HLM-RSA-PNK-L-BG6-CL-OLD,MAIN,INVENTORY,,,1,0,true,,1,false
RIMC-HLM-RSA-PNK-L-BG6-SMK-OLD,MAIN,INVENTORY,,,1,0,true,,1,false
RIMC-HLM-RSA-PNK-M,MAIN,INVENTORY,,,1,0,true,,1,false
RIMC-HLM-RSA-PNK-M-BG5-CL-OLD,MAIN,INVENTORY,,,1,0,true,,1,false
RIMC-HLM-RSA-PNK-M-BG5-SMK-OLD,MAIN,INVENTORY,,,1,0,true,,1,false
RIMC-HLM-RSA-PNK-M-BG6-CL-OLD,MAIN,INVENTORY,,,1,0,true,,1,false
RIMC-HLM-RSA-PNK-M-BG6-SMK-OLD,MAIN,INVENTORY,,,1,0,true,,1,false
RIMC-HLM-RSA-PNK-XL,MAIN,INVENTORY,,,1,0,true,,1,false
RIMC-HLM-RSA-PNK-XL-BG5-CL-OLD,MAIN,INVENTORY,,,1,0,true,,1,false
RIMC-HLM-RSA-PNK-XL-BG5-SMK-OLD,MAIN,INVENTORY,,,1,0,true,,1,false
RIMC-HLM-RSA-PNK-XL-BG6-CL-OLD,MAIN,INVENTORY,,,1,0,true,,1,false
RIMC-HLM-RSA-PNK-XL-BG6-SMK-OLD,MAIN,INVENTORY,,,1,0,true,,1,false
RIMC-HLM-RSA-PPL-L,MAIN,INVENTORY,,,1,0,true,,1,false
RIMC-HLM-RSA-PPL-L-BG5-CL-OLD,MAIN,INVENTORY,,,1,0,true,,1,false
RIMC-HLM-RSA-PPL-L-BG5-SMK-OLD,MAIN,INVENTORY,,,1,0,true,,1,false
RIMC-HLM-RSA-PPL-L-BG6-CL-OLD,MAIN,INVENTORY,,,1,0,true,,1,false
RIMC-HLM-RSA-PPL-L-BG6-SMK-OLD,MAIN,INVENTORY,,,1,0,true,,1,false
RIMC-HLM-RSA-PPL-M,MAIN,INVENTORY,,,1,0,true,,1,false
RIMC-HLM-RSA-PPL-M-BG5-CL-OLD,MAIN,INVENTORY,,,1,0,true,,1,false
RIMC-HLM-RSA-PPL-M-BG5-SMK-OLD,MAIN,INVENTORY,,,1,0,true,,1,false
RIMC-HLM-RSA-PPL-M-BG6-CL-OLD,MAIN,INVENTORY,,,1,0,true,,1,false
RIMC-HLM-RSA-PPL-M-BG6-SMK-OLD,MAIN,INVENTORY,,,1,0,true,,1,false
RIMC-HLM-RSA-PPL-XL,MAIN,INVENTORY,,,1,0,true,,1,false
RIMC-HLM-RSA-PPL-XL-BG5-CL-OLD,MAIN,INVENTORY,,,1,0,true,,1,false
RIMC-HLM-RSA-PPL-XL-BG5-SMK-OLD,MAIN,INVENTORY,,,1,0,true,,1,false
RIMC-HLM-RSA-PPL-XL-BG6-CL-OLD,MAIN,INVENTORY,,,1,0,true,,1,false
RIMC-HLM-RSA-PPL-XL-BG6-SMK-OLD,MAIN,INVENTORY,,,1,0,true,,1,false
RIMC-HLM-RSA-TSC-L,MAIN,INVENTORY,,,1,0,true,,1,false
RIMC-HLM-RSA-TSC-L-BG5-CL-OLD,MAIN,INVENTORY,,,1,0,true,,1,false
RIMC-HLM-RSA-TSC-L-BG5-SMK-OLD,MAIN,INVENTORY,,,1,0,true,,1,false
RIMC-HLM-RSA-TSC-L-BG6-CL-OLD,MAIN,INVENTORY,,,1,0,true,,1,false
RIMC-HLM-RSA-TSC-L-BG6-SMK-OLD,MAIN,INVENTORY,,,1,0,true,,1,false
RIMC-HLM-RSA-TSC-M,MAIN,INVENTORY,,,1,0,true,,1,false
RIMC-HLM-RSA-TSC-M-BG5-CL-OLD,MAIN,INVENTORY,,,1,0,true,,1,false
RIMC-HLM-RSA-TSC-M-BG5-SMK-OLD,MAIN,INVENTORY,,,1,0,true,,1,false
RIMC-HLM-RSA-TSC-M-BG6-CL-OLD,MAIN,INVENTORY,,,1,0,true,,1,false
RIMC-HLM-RSA-TSC-M-BG6-SMK-OLD,MAIN,INVENTORY,,,1,0,true,,1,false
RIMC-HLM-RSA-TSC-XL,MAIN,INVENTORY,,,1,0,true,,1,false
RIMC-HLM-RSA-TSC-XL-BG5-CL-OLD,MAIN,INVENTORY,,,1,0,true,,1,false
RIMC-HLM-RSA-TSC-XL-BG5-SMK-OLD,MAIN,INVENTORY,,,1,0,true,,1,false
RIMC-HLM-RSA-TSC-XL-BG6-CL-OLD,MAIN,INVENTORY,,,1,0,true,,1,false
RIMC-HLM-RSA-TSC-XL-BG6-SMK-OLD,MAIN,INVENTORY,,,1,0,true,,1,false
RIMC-HLM-RSA-WHT-L,MAIN,INVENTORY,,,1,0,true,,1,false
RIMC-HLM-RSA-WHT-L-BG5-CL-OLD,MAIN,INVENTORY,,,1,0,true,,1,false
RIMC-HLM-RSA-WHT-L-BG5-SMK-OLD,MAIN,INVENTORY,,,1,0,true,,1,false
RIMC-HLM-RSA-WHT-L-BG6-CL-OLD,MAIN,INVENTORY,,,1,0,true,,1,false
RIMC-HLM-RSA-WHT-L-BG6-SMK-OLD,MAIN,INVENTORY,,,1,0,true,,1,false
RIMC-HLM-RSA-WHT-M,MAIN,INVENTORY,,,1,0,true,,1,false
RIMC-HLM-RSA-WHT-M-BG5-CL-OLD,MAIN,INVENTORY,,,1,0,true,,1,false
RIMC-HLM-RSA-WHT-M-BG5-SMK-OLD,MAIN,INVENTORY,,,1,0,true,,1,false
RIMC-HLM-RSA-WHT-M-BG6-CL-OLD,MAIN,INVENTORY,,,1,0,true,,1,false
RIMC-HLM-RSA-WHT-M-BG6-SMK-OLD,MAIN,INVENTORY,,,1,0,true,,1,false
RIMC-HLM-RSA-WHT-XL,MAIN,INVENTORY,,,1,0,true,,1,false
RIMC-HLM-RSA-WHT-XL-BG5-CL-OLD,MAIN,INVENTORY,,,1,0,true,,1,false
RIMC-HLM-RSA-WHT-XL-BG5-SMK-OLD,MAIN,INVENTORY,,,1,0,true,,1,false
RIMC-HLM-RSA-WHT-XL-BG6-CL-OLD,MAIN,INVENTORY,,,1,0,true,,1,false
RIMC-HLM-RSA-WHT-XL-BG6-SMK-OLD,MAIN,INVENTORY,,,1,0,true,,1,false
RIMC-HLM-RSF-BLU-L,MAIN,INVENTORY,,,1,0,true,,1,false
RIMC-HLM-RSF-BLU-L-BG5-CL,MAIN,INVENTORY,,,1,0,true,,1,false
RIMC-HLM-RSF-BLU-L-BG5-SMK,MAIN,INVENTORY,,,1,0,true,,1,false
RIMC-HLM-RSF-BLU-L-BG6-CL,MAIN,INVENTORY,,,1,0,true,,1,false
RIMC-HLM-RSF-BLU-L-BG6-SMK,MAIN,INVENTORY,,,1,0,true,,1,false
RIMC-HLM-RSF-BLU-M,MAIN,INVENTORY,,,1,0,true,,1,false
RIMC-HLM-RSF-BLU-M-BG5-CL,MAIN,INVENTORY,,,1,0,true,,1,false
RIMC-HLM-RSF-BLU-M-BG5-SMK,MAIN,INVENTORY,,,1,0,true,,1,false
RIMC-HLM-RSF-BLU-M-BG6-CL,MAIN,INVENTORY,,,1,0,true,,1,false
RIMC-HLM-RSF-BLU-M-BG6-SMK,MAIN,INVENTORY,,,1,0,true,,1,false
RIMC-HLM-RSF-BLU-XL,MAIN,INVENTORY,,,1,0,true,,1,false
RIMC-HLM-RSF-BLU-XL-BG5-CL,MAIN,INVENTORY,,,1,0,true,,1,false
RIMC-HLM-RSF-BLU-XL-BG5-SMK,MAIN,INVENTORY,,,1,0,true,,1,false
RIMC-HLM-RSF-BLU-XL-BG6-CL,MAIN,INVENTORY,,,1,0,true,,1,false
RIMC-HLM-RSF-BLU-XL-BG6-SMK,MAIN,INVENTORY,,,1,0,true,,1,false
RIMC-HLM-RSF-CRM-L,MAIN,INVENTORY,,,1,0,true,,1,false
RIMC-HLM-RSF-CRM-L-BG5-CL,MAIN,INVENTORY,,,1,0,true,,1,false
RIMC-HLM-RSF-CRM-L-BG5-SMK,MAIN,INVENTORY,,,1,0,true,,1,false
RIMC-HLM-RSF-CRM-L-BG6-CL,MAIN,INVENTORY,,,1,0,true,,1,false
RIMC-HLM-RSF-CRM-L-BG6-SMK,MAIN,INVENTORY,,,1,0,true,,1,false
RIMC-HLM-RSF-CRM-M,MAIN,INVENTORY,,,1,0,true,,1,false
RIMC-HLM-RSF-CRM-M-BG5-CL,MAIN,INVENTORY,,,1,0,true,,1,false
RIMC-HLM-RSF-CRM-M-BG5-SMK,MAIN,INVENTORY,,,1,0,true,,1,false
RIMC-HLM-RSF-CRM-M-BG6-CL,MAIN,INVENTORY,,,1,0,true,,1,false
RIMC-HLM-RSF-CRM-M-BG6-SMK,MAIN,INVENTORY,,,1,0,true,,1,false
RIMC-HLM-RSF-CRM-XL,MAIN,INVENTORY,,,1,0,true,,1,false
RIMC-HLM-RSF-CRM-XL-BG5-CL,MAIN,INVENTORY,,,1,0,true,,1,false
RIMC-HLM-RSF-CRM-XL-BG5-SMK,MAIN,INVENTORY,,,1,0,true,,1,false
RIMC-HLM-RSF-CRM-XL-BG6-CL,MAIN,INVENTORY,,,1,0,true,,1,false
RIMC-HLM-RSF-CRM-XL-BG6-SMK,MAIN,INVENTORY,,,1,0,true,,1,false
RIMC-HLM-RSF-PNK-L,MAIN,INVENTORY,,,1,0,true,,1,false
RIMC-HLM-RSF-PNK-L-BG5-CL,MAIN,INVENTORY,,,1,0,true,,1,false
RIMC-HLM-RSF-PNK-L-BG5-SMK,MAIN,INVENTORY,,,1,0,true,,1,false
RIMC-HLM-RSF-PNK-L-BG6-CL,MAIN,INVENTORY,,,1,0,true,,1,false
RIMC-HLM-RSF-PNK-L-BG6-SMK,MAIN,INVENTORY,,,1,0,true,,1,false
RIMC-HLM-RSF-PNK-M,MAIN,INVENTORY,,,1,0,true,,1,false
RIMC-HLM-RSF-PNK-M-BG5-CL,MAIN,INVENTORY,,,1,0,true,,1,false
RIMC-HLM-RSF-PNK-M-BG5-SMK,MAIN,INVENTORY,,,1,0,true,,1,false
RIMC-HLM-RSF-PNK-M-BG6-CL,MAIN,INVENTORY,,,1,0,true,,1,false
RIMC-HLM-RSF-PNK-M-BG6-SMK,MAIN,INVENTORY,,,1,0,true,,1,false
RIMC-HLM-RSF-PNK-XL,MAIN,INVENTORY,,,1,0,true,,1,false
RIMC-HLM-RSF-PNK-XL-BG5-CL,MAIN,INVENTORY,,,1,0,true,,1,false
RIMC-HLM-RSF-PNK-XL-BG5-SMK,MAIN,INVENTORY,,,1,0,true,,1,false
RIMC-HLM-RSF-PNK-XL-BG6-CL,MAIN,INVENTORY,,,1,0,true,,1,false
RIMC-HLM-RSF-PNK-XL-BG6-SMK,MAIN,INVENTORY,,,1,0,true,,1,false
RIMC-HLM-RSF-PPL-L,MAIN,INVENTORY,,,1,0,true,,1,false
RIMC-HLM-RSF-PPL-L-BG5-CL,MAIN,INVENTORY,,,1,0,true,,1,false
RIMC-HLM-RSF-PPL-L-BG5-SMK,MAIN,INVENTORY,,,1,0,true,,1,false
RIMC-HLM-RSF-PPL-L-BG6-CL,MAIN,INVENTORY,,,1,0,true,,1,false
RIMC-HLM-RSF-PPL-L-BG6-SMK,MAIN,INVENTORY,,,1,0,true,,1,false
RIMC-HLM-RSF-PPL-M,MAIN,INVENTORY,,,1,0,true,,1,false
RIMC-HLM-RSF-PPL-M-BG5-CL,MAIN,INVENTORY,,,1,0,true,,1,false
RIMC-HLM-RSF-PPL-M-BG5-SMK,MAIN,INVENTORY,,,1,0,true,,1,false
RIMC-HLM-RSF-PPL-M-BG6-CL,MAIN,INVENTORY,,,1,0,true,,1,false
RIMC-HLM-RSF-PPL-M-BG6-SMK,MAIN,INVENTORY,,,1,0,true,,1,false
RIMC-HLM-RSF-PPL-XL,MAIN,INVENTORY,,,1,0,true,,1,false
RIMC-HLM-RSF-PPL-XL-BG5-CL,MAIN,INVENTORY,,,1,0,true,,1,false
RIMC-HLM-RSF-PPL-XL-BG5-SMK,MAIN,INVENTORY,,,1,0,true,,1,false
RIMC-HLM-RSF-PPL-XL-BG6-CL,MAIN,INVENTORY,,,1,0,true,,1,false
RIMC-HLM-RSF-PPL-XL-BG6-SMK,MAIN,INVENTORY,,,1,0,true,,1,false
RIMC-HLM-RSF-TSC-L,MAIN,INVENTORY,,,1,0,true,,1,false
RIMC-HLM-RSF-TSC-L-BG5-CL,MAIN,INVENTORY,,,1,0,true,,1,false
RIMC-HLM-RSF-TSC-L-BG5-SMK,MAIN,INVENTORY,,,1,0,true,,1,false
RIMC-HLM-RSF-TSC-L-BG6-CL,MAIN,INVENTORY,,,1,0,true,,1,false
RIMC-HLM-RSF-TSC-L-BG6-SMK,MAIN,INVENTORY,,,1,0,true,,1,false
RIMC-HLM-RSF-TSC-M,MAIN,INVENTORY,,,1,0,true,,1,false
RIMC-HLM-RSF-TSC-M-BG5-CL,MAIN,INVENTORY,,,1,0,true,,1,false
RIMC-HLM-RSF-TSC-M-BG5-SMK,MAIN,INVENTORY,,,1,0,true,,1,false
RIMC-HLM-RSF-TSC-M-BG6-CL,MAIN,INVENTORY,,,1,0,true,,1,false
RIMC-HLM-RSF-TSC-M-BG6-SMK,MAIN,INVENTORY,,,1,0,true,,1,false
RIMC-HLM-RSF-TSC-XL,MAIN,INVENTORY,,,1,0,true,,1,false
RIMC-HLM-RSF-TSC-XL-BG5-CL,MAIN,INVENTORY,,,1,0,true,,1,false
RIMC-HLM-RSF-TSC-XL-BG5-SMK,MAIN,INVENTORY,,,1,0,true,,1,false
RIMC-HLM-RSF-TSC-XL-BG6-CL,MAIN,INVENTORY,,,1,0,true,,1,false
RIMC-HLM-RSF-TSC-XL-BG6-SMK,MAIN,INVENTORY,,,1,0,true,,1,false
RIMC-HLM-RSF-WHT-L,MAIN,INVENTORY,,,1,0,true,,1,false
RIMC-HLM-RSF-WHT-L-BG5-CL,MAIN,INVENTORY,,,1,0,true,,1,false
RIMC-HLM-RSF-WHT-L-BG5-SMK,MAIN,INVENTORY,,,1,0,true,,1,false
RIMC-HLM-RSF-WHT-L-BG6-CL,MAIN,INVENTORY,,,1,0,true,,1,false
RIMC-HLM-RSF-WHT-L-BG6-SMK,MAIN,INVENTORY,,,1,0,true,,1,false
RIMC-HLM-RSF-WHT-M,MAIN,INVENTORY,,,1,0,true,,1,false
RIMC-HLM-RSF-WHT-M-BG5-CL,MAIN,INVENTORY,,,1,0,true,,1,false
RIMC-HLM-RSF-WHT-M-BG5-SMK,MAIN,INVENTORY,,,1,0,true,,1,false
RIMC-HLM-RSF-WHT-M-BG6-CL,MAIN,INVENTORY,,,1,0,true,,1,false
RIMC-HLM-RSF-WHT-M-BG6-SMK,MAIN,INVENTORY,,,1,0,true,,1,false
RIMC-HLM-RSF-WHT-XL,MAIN,INVENTORY,,,1,0,true,,1,false
RIMC-HLM-RSF-WHT-XL-BG5-CL,MAIN,INVENTORY,,,1,0,true,,1,false
RIMC-HLM-RSF-WHT-XL-BG5-SMK,MAIN,INVENTORY,,,1,0,true,,1,false
RIMC-HLM-RSF-WHT-XL-BG6-CL,MAIN,INVENTORY,,,1,0,true,,1,false
RIMC-HLM-RSF-WHT-XL-BG6-SMK,MAIN,INVENTORY,,,1,0,true,,1,false
RIMC-HLM-STR-DOP-L,MAIN,INVENTORY,,,1,0,true,,1,false
RIMC-HLM-STR-DOP-M,MAIN,INVENTORY,,,1,0,true,,1,false
RIMC-HLM-STR-DOP-XL,MAIN,INVENTORY,,,1,0,true,,1,false
RIMC-HLM-STR-GLS-L,MAIN,INVENTORY,,,1,0,true,,1,false
RIMC-HLM-STR-GLS-M,MAIN,INVENTORY,,,1,0,true,,1,false
RIMC-HLM-STR-GLS-XL,MAIN,INVENTORY,,,1,0,true,,1,false
RIMC-HLM-TYG-CRM-BLK-L,MAIN,INVENTORY,,,1,0,true,,1,false
RIMC-HLM-TYG-CRM-BLK-M,MAIN,INVENTORY,,,1,0,true,,1,false
RIMC-HLM-TYG-CRM-BLK-XL,MAIN,INVENTORY,,,1,0,true,,1,false
RIMC-HLM-TYG-CRM-L,MAIN,INVENTORY,,,1,0,true,,1,false
RIMC-HLM-TYG-CRM-M,MAIN,INVENTORY,,,1,0,true,,1,false
RIMC-HLM-TYG-CRM-RD-L,MAIN,INVENTORY,,,1,0,true,,1,false
RIMC-HLM-TYG-CRM-RD-M,MAIN,INVENTORY,,,1,0,true,,1,false
RIMC-HLM-TYG-CRM-RD-XL,MAIN,INVENTORY,,,1,0,true,,1,false
RIMC-HLM-TYG-CRM-WHT-L,MAIN,INVENTORY,,,1,0,true,,1,false
RIMC-HLM-TYG-CRM-WHT-M,MAIN,INVENTORY,,,1,0,true,,1,false
RIMC-HLM-TYG-CRM-WHT-XL,MAIN,INVENTORY,,,1,0,true,,1,false
RIMC-HLM-TYG-CRM-XL,MAIN,INVENTORY,,,1,0,true,,1,false
RIMC-HLM-TYG-WHT-BLK-L,MAIN,INVENTORY,,,1,0,true,,1,false
RIMC-HLM-TYG-WHT-BLK-M,MAIN,INVENTORY,,,1,0,true,,1,false
RIMC-HLM-TYG-WHT-BLK-XL,MAIN,INVENTORY,,,1,0,true,,1,false
RIMC-HLM-TYG-WHT-L,MAIN,INVENTORY,,,1,0,true,,1,false
RIMC-HLM-TYG-WHT-M,MAIN,INVENTORY,,,1,0,true,,1,false
RIMC-HLM-TYG-WHT-RD-L,MAIN,INVENTORY,,,1,0,true,,1,false
RIMC-HLM-TYG-WHT-RD-M,MAIN,INVENTORY,,,1,0,true,,1,false
RIMC-HLM-TYG-WHT-RD-XL,MAIN,INVENTORY,,,1,0,true,,1,false
RIMC-HLM-TYG-WHT-WHT-L,MAIN,INVENTORY,,,1,0,true,,1,false
RIMC-HLM-TYG-WHT-WHT-M,MAIN,INVENTORY,,,1,0,true,,1,false
RIMC-HLM-TYG-WHT-WHT-XL,MAIN,INVENTORY,,,1,0,true,,1,false
RIMC-HLM-TYG-WHT-XL,MAIN,INVENTORY,,,1,0,true,,1,false
RIMC-HLM-TYG-WHT-XL-DCKW,MAIN,INVENTORY,,,1,0,true,,1,false
RIMC-HLM-UNI-DOP-L,MAIN,INVENTORY,,,1,0,true,,1,true
RIMC-HLM-UNI-DOP-L-VSR-SNL-CL,MAIN,INVENTORY,,,1,0,true,,1,true
RIMC-HLM-UNI-DOP-L-VSR-SNL-SMK,MAIN,INVENTORY,,,1,0,true,,1,true
RIMC-HLM-UNI-DOP-M,MAIN,INVENTORY,,,1,0,true,,1,true
RIMC-HLM-UNI-DOP-M-VSR-SC,MAIN,INVENTORY,,,1,0,true,,1,true
RIMC-HLM-UNI-DOP-M-VSR-SS,MAIN,INVENTORY,,,1,0,true,,1,true
RIMC-HLM-UNI-DOP-XL,MAIN,INVENTORY,,,1,0,true,,1,true
RIMC-HLM-UNI-DOP-XL-VSR-SNL-CL,MAIN,INVENTORY,,,1,0,true,,1,true
RIMC-HLM-UNI-DOP-XL-VSR-SNL-SMK,MAIN,INVENTORY,,,1,0,true,,1,true
RIMC-HLM-UNI-GLS-L,MAIN,INVENTORY,,,1,0,true,,1,true
RIMC-HLM-UNI-GLS-L-VSR-SNL-CL,MAIN,INVENTORY,,,1,0,true,,1,true
RIMC-HLM-UNI-GLS-L-VSR-SNL-SMK,MAIN,INVENTORY,,,1,0,true,,1,true
RIMC-HLM-UNI-GLS-M,MAIN,INVENTORY,,,1,0,true,,1,true
RIMC-HLM-UNI-GLS-M-VSR-SNL-CL,MAIN,INVENTORY,,,1,0,true,,1,true
RIMC-HLM-UNI-GLS-M-VSR-SNL-SMK,MAIN,INVENTORY,,,1,0,true,,1,true
RIMC-HLM-UNI-GLS-XL,MAIN,INVENTORY,,,1,0,true,,1,true
RIMC-HLM-UNI-GLS-XL-VSR-SNL-CL,MAIN,INVENTORY,,,1,0,true,,1,true
RIMC-HLM-UNI-GLS-XL-VSR-SNL-SMK,MAIN,INVENTORY,,,1,0,true,,1,true
RIMC-JKT-BGA-BLK-2XL,MAIN,INVENTORY,,,1,0,true,,1,false
RIMC-JKT-BGA-BLK-L,MAIN,INVENTORY,,,1,0,true,,1,false
RIMC-JKT-BGA-BLK-M,MAIN,INVENTORY,,,1,0,true,,1,false
RIMC-JKT-BGA-BLK-S,MAIN,INVENTORY,,,1,0,true,,1,false
RIMC-JKT-BGA-BLK-XL,MAIN,INVENTORY,,,1,0,true,,1,false
RIMC-JKT-BNA-S,MAIN,INVENTORY,,,1,0,true,,1,false
RIMC-JKT-DBA-L,MAIN,INVENTORY,,,1,0,true,,1,false
RIMC-JKT-ETL-BLK-2XL,MAIN,INVENTORY,,,1,0,true,,1,false
RIMC-JKT-ETL-BLK-3XL,MAIN,INVENTORY,,,1,0,true,,1,false
RIMC-JKT-ETL-BLK-L,MAIN,INVENTORY,,,1,0,true,,1,false
RIMC-JKT-ETL-BLK-M,MAIN,INVENTORY,,,1,0,true,,1,false
RIMC-JKT-ETL-BLK-S,MAIN,INVENTORY,,,1,0,true,,1,false
RIMC-JKT-ETL-BLK-XL,MAIN,INVENTORY,,,1,0,true,,1,false
RIMC-JKT-ETL-GRN-2XL,MAIN,INVENTORY,,,1,0,true,,1,false
RIMC-JKT-ETL-GRN-3XL,MAIN,INVENTORY,,,1,0,true,,1,false
RIMC-JKT-ETL-GRN-L,MAIN,INVENTORY,,,1,0,true,,1,false
RIMC-JKT-ETL-GRN-M,MAIN,INVENTORY,,,1,0,true,,1,false
RIMC-JKT-ETL-GRN-S,MAIN,INVENTORY,,,1,0,true,,1,false
RIMC-JKT-ETL-GRN-XL,MAIN,INVENTORY,,,1,0,true,,1,false
RIMC-JKT-ETL-KHK-2XL,MAIN,INVENTORY,,,1,0,true,,1,false
RIMC-JKT-ETL-KHK-3XL,MAIN,INVENTORY,,,1,0,true,,1,false
RIMC-JKT-ETL-KHK-L,MAIN,INVENTORY,,,1,0,true,,1,false
RIMC-JKT-ETL-KHK-M,MAIN,INVENTORY,,,1,0,true,,1,false
RIMC-JKT-ETL-KHK-S,MAIN,INVENTORY,,,1,0,true,,1,false
RIMC-JKT-ETL-KHK-XL,MAIN,INVENTORY,,,1,0,true,,1,false
RIMC-JKT-HLA-BLACK-M,MAIN,INVENTORY,,,1,0,true,,1,false
RIMC-JKT-HLA-BLACK-S,MAIN,INVENTORY,,,1,0,true,,1,false
RIMC-JKT-HNY-2XL,MAIN,INVENTORY,,,1,0,true,,1,false
RIMC-JKT-HNY-3XL,MAIN,INVENTORY,,,1,0,true,,1,false
RIMC-JKT-HNY-L,MAIN,INVENTORY,,,1,0,true,,1,false
RIMC-JKT-HNY-M,MAIN,INVENTORY,,,1,0,true,,1,false
RIMC-JKT-HNY-S,MAIN,INVENTORY,,,1,0,true,,1,false
RIMC-JKT-HNY-XL,MAIN,INVENTORY,,,1,0,true,,1,false
RIMC-JKT-MDS-BLK-2XL,MAIN,INVENTORY,,,1,0,true,,1,false
RIMC-JKT-MDS-BLK-L,MAIN,INVENTORY,,,1,0,true,,1,false
RIMC-JKT-MDS-BLK-M,MAIN,INVENTORY,,,1,0,true,,1,false
RIMC-JKT-MDS-BLK-S,MAIN,INVENTORY,,,1,0,true,,1,false
RIMC-JKT-MDS-BLK-XL,MAIN,INVENTORY,,,1,0,true,,1,false
RIMC-JKT-MGS-MRN-2XL,MAIN,INVENTORY,,,1,0,true,,1,false
RIMC-JKT-MGS-MRN-L,MAIN,INVENTORY,,,1,0,true,,1,false
RIMC-JKT-MGS-MRN-M,MAIN,INVENTORY,,,1,0,true,,1,false
RIMC-JKT-MGS-MRN-S,MAIN,INVENTORY,,,1,0,true,,1,false
RIMC-JKT-MGS-MRN-XL,MAIN,INVENTORY,,,1,0,true,,1,false
RIMC-JKT-MGS-NVY-2XL,MAIN,INVENTORY,,,1,0,true,,1,false
RIMC-JKT-MGS-NVY-L,MAIN,INVENTORY,,,1,0,true,,1,false
RIMC-JKT-MGS-NVY-M,MAIN,INVENTORY,,,1,0,true,,1,false
RIMC-JKT-MGS-NVY-S,MAIN,INVENTORY,,,1,0,true,,1,false
RIMC-JKT-MGS-NVY-XL,MAIN,INVENTORY,,,1,0,true,,1,false
RIMC-JKT-MST-BLK-2XL,MAIN,INVENTORY,,,1,0,true,,1,false
RIMC-JKT-MST-BLK-XL,MAIN,INVENTORY,,,1,0,true,,1,false
RIMC-JKT-MST-YL-L,MAIN,INVENTORY,,,1,0,true,,1,false
RIMC-JKT-MST-YL-M,MAIN,INVENTORY,,,1,0,true,,1,false
RIMC-JKT-MST-YL-S,MAIN,INVENTORY,,,1,0,true,,1,false
RIMC-JKT-MST-YL-XL,MAIN,INVENTORY,,,1,0,true,,1,false
RIMC-JKT-MST-YLXL,MAIN,INVENTORY,,,1,0,true,,1,false
RIMC-JKT-RTW-BLU-L,MAIN,INVENTORY,,,1,0,true,,1,false
RIMC-JKT-RTW-BLU-M,MAIN,INVENTORY,,,1,0,true,,1,false
RIMC-JKT-RTW-BLU-XL,MAIN,INVENTORY,,,1,0,true,,1,false
RIMC-JKT-VS-GRY-L,MAIN,INVENTORY,,,1,0,true,,1,false
RIMC-JKT-VS-GRY-M,MAIN,INVENTORY,,,1,0,true,,1,false
RIMC-JKT-VS-GRY-S,MAIN,INVENTORY,,,1,0,true,,1,false
RIMC-JKT-VS-GRY-XL,MAIN,INVENTORY,,,1,0,true,,1,false
RIMC-JKT-VS-GRY-XXL,MAIN,INVENTORY,,,1,0,true,,1,false
RIMC-JKT-VS-MST-L,MAIN,INVENTORY,,,1,0,true,,1,false
RIMC-JKT-VS-MST-M,MAIN,INVENTORY,,,1,0,true,,1,false
RIMC-JKT-VS-MST-S,MAIN,INVENTORY,,,1,0,true,,1,false
RIMC-JKT-VS-MST-XL,MAIN,INVENTORY,,,1,0,true,,1,false
RIMC-JKT-VS-MST-XXL,MAIN,INVENTORY,,,1,0,true,,1,false
RIMC-JKT-VS-NVB-L,MAIN,INVENTORY,,,1,0,true,,1,false
RIMC-JKT-VS-NVB-M,MAIN,INVENTORY,,,1,0,true,,1,false
RIMC-JKT-VS-NVB-S,MAIN,INVENTORY,,,1,0,true,,1,false
RIMC-JKT-VS-NVB-XL,MAIN,INVENTORY,,,1,0,true,,1,false
RIMC-JKT-VS-NVB-XXL,MAIN,INVENTORY,,,1,0,true,,1,false
RIMC-JKT-WDR-GRN-L,MAIN,INVENTORY,,,1,0,true,,1,false
RIMC-JKT-WDR-GRN-M,MAIN,INVENTORY,,,1,0,true,,1,false
RIMC-JKT-WDR-GRN-XL,MAIN,INVENTORY,,,1,0,true,,1,false
RIMC-JRNE-PRF,MAIN,INVENTORY,,,1,0,true,,1,false
RIMC-JSY-DTY-ORG-2XL,MAIN,INVENTORY,,,1,0,true,,1,false
RIMC-JSY-DTY-ORG-3XL,MAIN,INVENTORY,,,1,0,true,,1,false
RIMC-JSY-DTY-ORG-L,MAIN,INVENTORY,,,1,0,true,,1,false
RIMC-JSY-DTY-ORG-M,MAIN,INVENTORY,,,1,0,true,,1,false
RIMC-JSY-DTY-ORG-XL,MAIN,INVENTORY,,,1,0,true,,1,false
RIMC-JSY-DTY-WHT-2XL,MAIN,INVENTORY,,,1,0,true,,1,false
RIMC-JSY-DTY-WHT-3XL,MAIN,INVENTORY,,,1,0,true,,1,false
RIMC-JSY-DTY-WHT-L,MAIN,INVENTORY,,,1,0,true,,1,false
RIMC-JSY-DTY-WHT-M,MAIN,INVENTORY,,,1,0,true,,1,false
RIMC-JSY-DTY-WHT-XL,MAIN,INVENTORY,,,1,0,true,,1,false
RIMC-JSY-DTY-YL-2XL,MAIN,INVENTORY,,,1,0,true,,1,false
RIMC-JSY-DTY-YL-3XL,MAIN,INVENTORY,,,1,0,true,,1,false
RIMC-JSY-DTY-YL-L,MAIN,INVENTORY,,,1,0,true,,1,false
RIMC-JSY-DTY-YL-M,MAIN,INVENTORY,,,1,0,true,,1,false
RIMC-JSY-DTY-YL-XL,MAIN,INVENTORY,,,1,0,true,,1,false
RIMC-KLR-SPC-BLK-2XL,MAIN,INVENTORY,,,1,0,true,,1,false
RIMC-KLR-SPC-BLK-L,MAIN,INVENTORY,,,1,0,true,,1,false
RIMC-KLR-SPC-BLK-M,MAIN,INVENTORY,,,1,0,true,,1,false
RIMC-KLR-SPC-BLK-S,MAIN,INVENTORY,,,1,0,true,,1,false
RIMC-KLR-SPC-BLK-XL,MAIN,INVENTORY,,,1,0,true,,1,false
RIMC-KMJ-FNL-BRN-L,MAIN,INVENTORY,,,1,0,true,,1,false
RIMC-KMJ-FNL-BRN-M,MAIN,INVENTORY,,,1,0,true,,1,false
RIMC-KMJ-FNL-BRN-S,MAIN,INVENTORY,,,1,0,true,,1,false
RIMC-KMJ-FNL-BRN-XL,MAIN,INVENTORY,,,1,0,true,,1,false
RIMC-KMJ-FNL-BRN-XXL,MAIN,INVENTORY,,,1,0,true,,1,false
RIMC-KMJ-FNL-BW-L,MAIN,INVENTORY,,,1,0,true,,1,false
RIMC-KMJ-FNL-BW-M,MAIN,INVENTORY,,,1,0,true,,1,false
RIMC-KMJ-FNL-BW-S,MAIN,INVENTORY,,,1,0,true,,1,false
RIMC-KMJ-FNL-BW-XL,MAIN,INVENTORY,,,1,0,true,,1,false
RIMC-KMJ-FNL-BW-XXL,MAIN,INVENTORY,,,1,0,true,,1,false
RIMC-KMJ-FNL-CRM-L,MAIN,INVENTORY,,,1,0,true,,1,false
RIMC-KMJ-FNL-CRM-M,MAIN,INVENTORY,,,1,0,true,,1,false
RIMC-KMJ-FNL-CRM-S,MAIN,INVENTORY,,,1,0,true,,1,false
RIMC-KMJ-FNL-CRM-XL,MAIN,INVENTORY,,,1,0,true,,1,false
RIMC-KMJ-FNL-CRM-XXL,MAIN,INVENTORY,,,1,0,true,,1,false
RIMC-KOV-ELJ-XL,MAIN,INVENTORY,,,1,0,true,,1,false
RIMC-KOV-SVL-L,MAIN,INVENTORY,,,1,0,true,,1,false
RIMC-KOV-SVL-M,MAIN,INVENTORY,,,1,0,true,,1,false
RIMC-KTR-ADT-BLK-M,MAIN,INVENTORY,,,1,0,true,,1,false
RIMC-KTR-AJS-2XL,MAIN,INVENTORY,,,1,0,true,,1,false
RIMC-KTR-AJS-XL,MAIN,INVENTORY,,,1,0,true,,1,false
RIMC-KTR-AMT-BLK-L,MAIN,INVENTORY,,,1,0,true,,1,false
RIMC-KTR-AMT-BLK-M,MAIN,INVENTORY,,,1,0,true,,1,false
RIMC-KTR-AMT-BLK-S,MAIN,INVENTORY,,,1,0,true,,1,false
RIMC-KTR-AMT-BLK-XL,MAIN,INVENTORY,,,1,0,true,,1,false
RIMC-KTR-AMT-BLK-XXL,MAIN,INVENTORY,,,1,0,true,,1,false
RIMC-KTR-BDY-BLK-L,MAIN,INVENTORY,,,1,0,true,,1,false
RIMC-KTR-BDY-BLK-M,MAIN,INVENTORY,,,1,0,true,,1,false
RIMC-KTR-BDY-BLK-S,MAIN,INVENTORY,,,1,0,true,,1,false
RIMC-KTR-BDY-BLK-XL,MAIN,INVENTORY,,,1,0,true,,1,false
RIMC-KTR-BDY-BLK-XXL,MAIN,INVENTORY,,,1,0,true,,1,false
RIMC-KTR-DTL-BLK-2XL,MAIN,INVENTORY,,,1,0,true,,1,false
RIMC-KTR-DTL-BLK-L,MAIN,INVENTORY,,,1,0,true,,1,false
RIMC-KTR-DTL-BLK-M,MAIN,INVENTORY,,,1,0,true,,1,false
RIMC-KTR-DTL-BLK-S,MAIN,INVENTORY,,,1,0,true,,1,false
RIMC-KTR-DTL-BLK-XL,MAIN,INVENTORY,,,1,0,true,,1,false
RIMC-KTR-DYK-BLK-L,MAIN,INVENTORY,,,1,0,true,,1,false
RIMC-KTR-DYK-BLK-M,MAIN,INVENTORY,,,1,0,true,,1,false
RIMC-KTR-DYK-BLK-S,MAIN,INVENTORY,,,1,0,true,,1,false
RIMC-KTR-DYK-BLK-XL,MAIN,INVENTORY,,,1,0,true,,1,false
RIMC-KTR-DYK-BLK-XXL,MAIN,INVENTORY,,,1,0,true,,1,false
RIMC-KTR-FLO-BLK-L,MAIN,INVENTORY,,,1,0,true,,1,false
RIMC-KTR-FTR-WHT-2XL,MAIN,INVENTORY,,,1,0,true,,1,false
RIMC-KTR-FTR-WHT-XL,MAIN,INVENTORY,,,1,0,true,,1,false
RIMC-KTR-GME-BLK-L,MAIN,INVENTORY,,,1,0,true,,1,false
RIMC-KTR-HDE-XL,MAIN,INVENTORY,,,1,0,true,,1,false
RIMC-KTR-JRY-WHT-2XL,MAIN,INVENTORY,,,1,0,true,,1,false
RIMC-KTR-JRY-WHT-L,MAIN,INVENTORY,,,1,0,true,,1,false
RIMC-KTR-JRY-WHT-M,MAIN,INVENTORY,,,1,0,true,,1,false
RIMC-KTR-JRY-WHT-S,MAIN,INVENTORY,,,1,0,true,,1,false
RIMC-KTR-JRY-WHT-XL,MAIN,INVENTORY,,,1,0,true,,1,false
RIMC-KTR-KFN-BLK-2XL,MAIN,INVENTORY,,,1,0,true,,1,false
RIMC-KTR-KFN-BLK-L,MAIN,INVENTORY,,,1,0,true,,1,false
RIMC-KTR-KFN-BLK-M,MAIN,INVENTORY,,,1,0,true,,1,false
RIMC-KTR-KFN-BLK-S,MAIN,INVENTORY,,,1,0,true,,1,false
RIMC-KTR-KFN-BLK-XL,MAIN,INVENTORY,,,1,0,true,,1,false
RIMC-KTR-KRI-2XL,MAIN,INVENTORY,,,1,0,true,,1,false
RIMC-KTR-KRI-XL,MAIN,INVENTORY,,,1,0,true,,1,false
RIMC-KTR-LGS-WHT-2XL,MAIN,INVENTORY,,,1,0,true,,1,false
RIMC-KTR-LGS-WHT-L,MAIN,INVENTORY,,,1,0,true,,1,false
RIMC-KTR-LGS-WHT-XL,MAIN,INVENTORY,,,1,0,true,,1,false
RIMC-KTR-MKL-2XL,MAIN,INVENTORY,,,1,0,true,,1,false
RIMC-KTR-MKL-XL,MAIN,INVENTORY,,,1,0,true,,1,false
RIMC-KTR-MTB-BLK-2XL,MAIN,INVENTORY,,,1,0,true,,1,false
RIMC-KTR-MTB-BLK-L,MAIN,INVENTORY,,,1,0,true,,1,false
RIMC-KTR-MTB-BLK-M,MAIN,INVENTORY,,,1,0,true,,1,false
RIMC-KTR-MTB-BLK-S,MAIN,INVENTORY,,,1,0,true,,1,false
RIMC-KTR-MTB-BLK-XL,MAIN,INVENTORY,,,1,0,true,,1,false
RIMC-KTR-MTD-CRM-2XL,MAIN,INVENTORY,,,1,0,true,,1,false
RIMC-KTR-MTD-CRM-XL,MAIN,INVENTORY,,,1,0,true,,1,false
RIMC-KTR-ORT-BLK-2XL,MAIN,INVENTORY,,,1,0,true,,1,false
RIMC-KTR-ORT-BLK-L,MAIN,INVENTORY,,,1,0,true,,1,false
RIMC-KTR-ORT-BLK-M,MAIN,INVENTORY,,,1,0,true,,1,false
RIMC-KTR-ORT-BLK-S,MAIN,INVENTORY,,,1,0,true,,1,false
RIMC-KTR-ORT-BLK-XL,MAIN,INVENTORY,,,1,0,true,,1,false
RIMC-KTR-RMO-BLK-2XL,MAIN,INVENTORY,,,1,0,true,,1,false
RIMC-KTR-RMO-BLK-L,MAIN,INVENTORY,,,1,0,true,,1,false
RIMC-KTR-RMO-BLK-M,MAIN,INVENTORY,,,1,0,true,,1,false
RIMC-KTR-RMO-BLK-S,MAIN,INVENTORY,,,1,0,true,,1,false
RIMC-KTR-RMO-BLK-XL,MAIN,INVENTORY,,,1,0,true,,1,false
RIMC-KTR-SDR-2XL,MAIN,INVENTORY,,,1,0,true,,1,false
RIMC-KTR-TKG-BLU-L,MAIN,INVENTORY,,,1,0,true,,1,false
RIMC-KTR-TKG-NVY-L,MAIN,INVENTORY,,,1,0,true,,1,false
RIMC-KTR-TMKL-WHT-2XL,MAIN,INVENTORY,,,1,0,true,,1,false
RIMC-KTR-TMKL-WHT-L,MAIN,INVENTORY,,,1,0,true,,1,false
RIMC-KTR-TMKL-WHT-M,MAIN,INVENTORY,,,1,0,true,,1,false
RIMC-KTR-TMKL-WHT-S,MAIN,INVENTORY,,,1,0,true,,1,false
RIMC-KTR-TMKL-WHT-XL,MAIN,INVENTORY,,,1,0,true,,1,false
RIMC-KTR-TRG-WHT-2XL,MAIN,INVENTORY,,,1,0,true,,1,false
RIMC-KTR-TRG-WHT-L,MAIN,INVENTORY,,,1,0,true,,1,false
RIMC-KTR-VL-BLK-2XL,MAIN,INVENTORY,,,1,0,true,,1,false
RIMC-KTR-VL-BLK-L,MAIN,INVENTORY,,,1,0,true,,1,false
RIMC-KTR-VL-BLK-M,MAIN,INVENTORY,,,1,0,true,,1,false
RIMC-KTR-VL-BLK-S,MAIN,INVENTORY,,,1,0,true,,1,false
RIMC-KTR-VL-BLK-XL,MAIN,INVENTORY,,,1,0,true,,1,false
RIMC-KTR-VNI-XL,MAIN,INVENTORY,,,1,0,true,,1,false
RIMC-KTR-WLY-BLK-2XL,MAIN,INVENTORY,,,1,0,true,,1,false
RIMC-KTR-WLY-BLK-L,MAIN,INVENTORY,,,1,0,true,,1,false
RIMC-KTR-WLY-BLK-M,MAIN,INVENTORY,,,1,0,true,,1,false
RIMC-KTR-WLY-BLK-S,MAIN,INVENTORY,,,1,0,true,,1,false
RIMC-KTR-WLY-BLK-XL,MAIN,INVENTORY,,,1,0,true,,1,false
RIMC-KTR-WPR-BLK-L,MAIN,INVENTORY,,,1,0,true,,1,false
RIMC-KTR-WSL-BLK-2XL,MAIN,INVENTORY,,,1,0,true,,1,false
RIMC-KTR-WSL-BLK-L,MAIN,INVENTORY,,,1,0,true,,1,false
RIMC-KTR-WSL-BLK-M,MAIN,INVENTORY,,,1,0,true,,1,false
RIMC-KTR-WSL-BLK-S,MAIN,INVENTORY,,,1,0,true,,1,false
RIMC-KTR-WSL-BLK-XL,MAIN,INVENTORY,,,1,0,true,,1,false
RIMC-KTR-YNE-BLU-2XL,MAIN,INVENTORY,,,1,0,true,,1,false
RIMC-KTR-YNE-BLU-L,MAIN,INVENTORY,,,1,0,true,,1,false
RIMC-KTR-YNE-BLU-M,MAIN,INVENTORY,,,1,0,true,,1,false
RIMC-KTR-YNE-BLU-XL,MAIN,INVENTORY,,,1,0,true,,1,false
RIMC-KTR-YNE-YL-2XL,MAIN,INVENTORY,,,1,0,true,,1,false
RIMC-KTR-YNE-YL-L,MAIN,INVENTORY,,,1,0,true,,1,false
RIMC-KTR-YNE-YL-XL,MAIN,INVENTORY,,,1,0,true,,1,false
RIMC-KTR-ZRO-BLK-L,MAIN,INVENTORY,,,1,0,true,,1,false
RIMC-KTR-ZRO-BLK-XL,MAIN,INVENTORY,,,1,0,true,,1,false
RIMC-KTR-ZRO-YL-2XL,MAIN,INVENTORY,,,1,0,true,,1,false
RIMC-KTR-ZRO-YL-M,MAIN,INVENTORY,,,1,0,true,,1,false
RIMC-PLO-EBR-WHT-L,MAIN,INVENTORY,,,1,0,true,,1,false
RIMC-PLO-EBR-WHT-M,MAIN,INVENTORY,,,1,0,true,,1,false
RIMC-PLO-EBR-WHT-XL,MAIN,INVENTORY,,,1,0,true,,1,false
RIMC-PLO-EBR-WHT-XXL,MAIN,INVENTORY,,,1,0,true,,1,false
RIMC-PLO-KVA-BLK-L,MAIN,INVENTORY,,,1,0,true,,1,false
RIMC-PLO-KVA-BLK-M,MAIN,INVENTORY,,,1,0,true,,1,false
RIMC-PLO-KVA-BLK-XL,MAIN,INVENTORY,,,1,0,true,,1,false
RIMC-PLO-KVA-BLK-XXL,MAIN,INVENTORY,,,1,0,true,,1,false
RIMC-PLO-MRN-RD-L,MAIN,INVENTORY,,,1,0,true,,1,false
RIMC-PLO-MRN-RD-M,MAIN,INVENTORY,,,1,0,true,,1,false
RIMC-PLO-MRN-RD-XL,MAIN,INVENTORY,,,1,0,true,,1,false
RIMC-PLO-MRN-RD-XXL,MAIN,INVENTORY,,,1,0,true,,1,false
RIMC-PNT-SNT-BLK-28,MAIN,INVENTORY,,,1,0,true,,1,false
RIMC-PNT-SNT-BLK-30,MAIN,INVENTORY,,,1,0,true,,1,false
RIMC-PNT-SNT-BLK-32,MAIN,INVENTORY,,,1,0,true,,1,false
RIMC-PNT-SNT-BLK-34,MAIN,INVENTORY,,,1,0,true,,1,false
RIMC-PNT-SNT-BLK-36,MAIN,INVENTORY,,,1,0,true,,1,false
RIMC-PNT-SNT-BLK-38,MAIN,INVENTORY,,,1,0,true,,1,false
RIMC-PNT-SNT-BLK-40,MAIN,INVENTORY,,,1,0,true,,1,false
RIMC-PNT-SNT-KHK-28,MAIN,INVENTORY,,,1,0,true,,1,false
RIMC-PNT-SNT-KHK-30,MAIN,INVENTORY,,,1,0,true,,1,false
RIMC-PNT-SNT-KHK-32,MAIN,INVENTORY,,,1,0,true,,1,false
RIMC-PNT-SNT-KHK-34,MAIN,INVENTORY,,,1,0,true,,1,false
RIMC-PNT-SNT-KHK-36,MAIN,INVENTORY,,,1,0,true,,1,false
RIMC-PNT-SNT-KHK-38,MAIN,INVENTORY,,,1,0,true,,1,false
RIMC-PNT-SNT-KHK-40,MAIN,INVENTORY,,,1,0,true,,1,false
RIMC-PNT-SNT-NVY-28,MAIN,INVENTORY,,,1,0,true,,1,false
RIMC-PNT-SNT-NVY-30,MAIN,INVENTORY,,,1,0,true,,1,false
RIMC-PNT-SNT-NVY-32,MAIN,INVENTORY,,,1,0,true,,1,false
RIMC-PNT-SNT-NVY-34,MAIN,INVENTORY,,,1,0,true,,1,false
RIMC-PNT-SNT-NVY-36,MAIN,INVENTORY,,,1,0,true,,1,false
RIMC-PNT-SNT-NVY-38,MAIN,INVENTORY,,,1,0,true,,1,false
RIMC-PNT-SNT-NVY-40,MAIN,INVENTORY,,,1,0,true,,1,false
RIMC-PT-CL,MAIN,INVENTORY,,,1,0,true,,1,false
RIMC-PT-DKY-BLK,MAIN,INVENTORY,,,1,0,true,,1,false
RIMC-PT-DKY-CL,MAIN,INVENTORY,,,1,0,true,,1,true
RIMC-PT-DKY-RD,MAIN,INVENTORY,,,1,0,true,,1,false
RIMC-PT-DKY-WHT,MAIN,INVENTORY,,,1,0,true,,1,false
RIMC-PT-DKY-YL,MAIN,INVENTORY,,,1,0,true,,1,false
RIMC-PT-END-BLK,MAIN,INVENTORY,,,1,0,true,,1,false
RIMC-PT-END-RD,MAIN,INVENTORY,,,1,0,true,,1,false
RIMC-PT-END-WHT,MAIN,INVENTORY,,,1,0,true,,1,false
RIMC-PT-END-YL,MAIN,INVENTORY,,,1,0,true,,1,false
RIMC-PT-FLM-BLK-BLU,MAIN,INVENTORY,,,1,0,true,,1,true
RIMC-PT-FLM-CL-ORN,MAIN,INVENTORY,,,1,0,true,,1,true
RIMC-PT-FLM-SMK-YL,MAIN,INVENTORY,,,1,0,true,,1,true
RIMC-PT-FLM-WHT-BLU,MAIN,INVENTORY,,,1,0,true,,1,true
RIMC-PT-FLM-WHT-YL,MAIN,INVENTORY,,,1,0,true,,1,true
RIMC-PT-PDK,MAIN,INVENTORY,,,1,0,true,,1,false
RIMC-PT-PWT-BLU,MAIN,INVENTORY,,,1,0,true,,1,true
RIMC-PT-PWT-CL,MAIN,INVENTORY,,,1,0,true,,1,true
RIMC-PT-PWT-ORN,MAIN,INVENTORY,,,1,0,true,,1,true
RIMC-PT-PWT-SMK,MAIN,INVENTORY,,,1,0,true,,1,true
RIMC-PT-PWT-YL,MAIN,INVENTORY,,,1,0,true,,1,true
RIMC-SNB-BOB,MAIN,INVENTORY,,,1,0,true,,1,false
RIMC-SNB-RGO,MAIN,INVENTORY,,,1,0,true,,1,false
RIMC-SNB-YZI,MAIN,INVENTORY,,,1,0,true,,1,false
RIMC-TKR-AKN-BLK,MAIN,INVENTORY,,,1,0,true,,1,false
RIMC-TKR-VRD-GRN,MAIN,INVENTORY,,,1,0,true,,1,false
RIMC-TLR-SPC-BLK-2XL,MAIN,INVENTORY,,,1,0,true,,1,false
RIMC-TLR-SPC-BLK-L,MAIN,INVENTORY,,,1,0,true,,1,false
RIMC-TLR-SPC-BLK-M,MAIN,INVENTORY,,,1,0,true,,1,false
RIMC-TLR-SPC-BLK-S,MAIN,INVENTORY,,,1,0,true,,1,false
RIMC-TLR-SPC-BLK-XL,MAIN,INVENTORY,,,1,0,true,,1,false
RIMC-TR-ADT-BLK-L,MAIN,INVENTORY,,,1,0,true,,1,false
RIMC-TR-ADT-BLK-M,MAIN,INVENTORY,,,1,0,true,,1,false
RIMC-TR-ADT-BLK-S,MAIN,INVENTORY,,,1,0,true,,1,false
RIMC-TR-ADT-BLK-XL,MAIN,INVENTORY,,,1,0,true,,1,false
RIMC-TR-ADT-BLK-XXL,MAIN,INVENTORY,,,1,0,true,,1,false
RIMC-TR-AMT-BLK-L,MAIN,INVENTORY,,,1,0,true,,1,false
RIMC-TR-AMT-BLK-M,MAIN,INVENTORY,,,1,0,true,,1,false
RIMC-TR-AMT-BLK-S,MAIN,INVENTORY,,,1,0,true,,1,false
RIMC-TR-AMT-BLK-XL,MAIN,INVENTORY,,,1,0,true,,1,false
RIMC-TR-AMT-BLK-XXL,MAIN,INVENTORY,,,1,0,true,,1,false
RIMC-TR-ARA-WHT-L,MAIN,INVENTORY,,,1,0,true,,1,false
RIMC-TR-ARA-WHT-XL,MAIN,INVENTORY,,,1,0,true,,1,false
RIMC-TR-ASK-BLK-2XL,MAIN,INVENTORY,,,1,0,true,,1,false
RIMC-TR-BDY-BLK-L,MAIN,INVENTORY,,,1,0,true,,1,false
RIMC-TR-BDY-BLK-M,MAIN,INVENTORY,,,1,0,true,,1,false
RIMC-TR-BDY-BLK-S,MAIN,INVENTORY,,,1,0,true,,1,false
RIMC-TR-BDY-BLK-XL,MAIN,INVENTORY,,,1,0,true,,1,false
RIMC-TR-BDY-BLK-XXL,MAIN,INVENTORY,,,1,0,true,,1,false
RIMC-TR-BFE-BLK-L,MAIN,INVENTORY,,,1,0,true,,1,false
RIMC-TR-BFE-BLK-XL,MAIN,INVENTORY,,,1,0,true,,1,false
RIMC-TR-BFE-WHT-M,MAIN,INVENTORY,,,1,0,true,,1,false
RIMC-TR-BFE-WHT-XXL,MAIN,INVENTORY,,,1,0,true,,1,false
RIMC-TR-BRN-RD-2XL,MAIN,INVENTORY,,,1,0,true,,1,false
RIMC-TR-BRN-RD-L,MAIN,INVENTORY,,,1,0,true,,1,false
RIMC-TR-DTL-BLK-2XL,MAIN,INVENTORY,,,1,0,true,,1,false
RIMC-TR-DTL-BLK-L,MAIN,INVENTORY,,,1,0,true,,1,false
RIMC-TR-DTL-BLK-M,MAIN,INVENTORY,,,1,0,true,,1,false
RIMC-TR-DTL-BLK-S,MAIN,INVENTORY,,,1,0,true,,1,false
RIMC-TR-DTL-BLK-XL,MAIN,INVENTORY,,,1,0,true,,1,false
RIMC-TR-DYK-BLK-L,MAIN,INVENTORY,,,1,0,true,,1,false
RIMC-TR-DYK-BLK-M,MAIN,INVENTORY,,,1,0,true,,1,false
RIMC-TR-DYK-BLK-S,MAIN,INVENTORY,,,1,0,true,,1,false
RIMC-TR-DYK-BLK-XL,MAIN,INVENTORY,,,1,0,true,,1,false
RIMC-TR-DYK-BLK-XXL,MAIN,INVENTORY,,,1,0,true,,1,false
RIMC-TR-FR-S,MAIN,INVENTORY,,,1,0,true,,1,false
RIMC-TR-FR-XL,MAIN,INVENTORY,,,1,0,true,,1,false
RIMC-TR-FR-XXL,MAIN,INVENTORY,,,1,0,true,,1,false
RIMC-TR-FTR-WHT-2XL,MAIN,INVENTORY,,,1,0,true,,1,false
RIMC-TR-JRY-WHT-2XL,MAIN,INVENTORY,,,1,0,true,,1,false
RIMC-TR-JRY-WHT-L,MAIN,INVENTORY,,,1,0,true,,1,false
RIMC-TR-JRY-WHT-M,MAIN,INVENTORY,,,1,0,true,,1,false
RIMC-TR-JRY-WHT-S,MAIN,INVENTORY,,,1,0,true,,1,false
RIMC-TR-JRY-WHT-XL,MAIN,INVENTORY,,,1,0,true,,1,false
RIMC-TR-KFN-BLK-2XL,MAIN,INVENTORY,,,1,0,true,,1,false
RIMC-TR-KFN-BLK-L,MAIN,INVENTORY,,,1,0,true,,1,false
RIMC-TR-KFN-BLK-M,MAIN,INVENTORY,,,1,0,true,,1,false
RIMC-TR-KFN-BLK-S,MAIN,INVENTORY,,,1,0,true,,1,false
RIMC-TR-KFN-BLK-XL,MAIN,INVENTORY,,,1,0,true,,1,false
RIMC-TR-LGS-WHT-2XL,MAIN,INVENTORY,,,1,0,true,,1,false
RIMC-TR-LGS-WHT-L,MAIN,INVENTORY,,,1,0,true,,1,false
RIMC-TR-LGS-WHT-XL,MAIN,INVENTORY,,,1,0,true,,1,false
RIMC-TR-MBP-BLK-L,MAIN,INVENTORY,,,1,0,true,,1,false
RIMC-TR-MBP-BLK-M,MAIN,INVENTORY,,,1,0,true,,1,false
RIMC-TR-MBP-BLK-S,MAIN,INVENTORY,,,1,0,true,,1,false
RIMC-TR-MBP-BLK-XL,MAIN,INVENTORY,,,1,0,true,,1,false
RIMC-TR-MBP-BLK-XXL,MAIN,INVENTORY,,,1,0,true,,1,false
RIMC-TR-MST-WHT-L,MAIN,INVENTORY,,,1,0,true,,1,false
RIMC-TR-MST-WHT-M,MAIN,INVENTORY,,,1,0,true,,1,false
RIMC-TR-MST-WHT-S,MAIN,INVENTORY,,,1,0,true,,1,false
RIMC-TR-MST-WHT-XL,MAIN,INVENTORY,,,1,0,true,,1,false
RIMC-TR-MST-WHT-XXL,MAIN,INVENTORY,,,1,0,true,,1,false
RIMC-TR-MTB-BLK-L,MAIN,INVENTORY,,,1,0,true,,1,false
RIMC-TR-MTB-BLK-M,MAIN,INVENTORY,,,1,0,true,,1,false
RIMC-TR-MTB-BLK-S,MAIN,INVENTORY,,,1,0,true,,1,false
RIMC-TR-MTB-BLK-XL,MAIN,INVENTORY,,,1,0,true,,1,false
RIMC-TR-MTB-BLK-XXL,MAIN,INVENTORY,,,1,0,true,,1,false
RIMC-TR-MTD-CRM-L,MAIN,INVENTORY,,,1,0,true,,1,false
RIMC-TR-MTD-CRM-M,MAIN,INVENTORY,,,1,0,true,,1,false
RIMC-TR-MTD-CRM-XL,MAIN,INVENTORY,,,1,0,true,,1,false
RIMC-TR-MYA-BLK-XL,MAIN,INVENTORY,,,1,0,true,,1,false
RIMC-TR-NBD-S,MAIN,INVENTORY,,,1,0,true,,1,false
RIMC-TR-NBD-XL,MAIN,INVENTORY,,,1,0,true,,1,false
RIMC-TR-NVR-BLK-L,MAIN,INVENTORY,,,1,0,true,,1,false
RIMC-TR-NVR-BLK-M,MAIN,INVENTORY,,,1,0,true,,1,false
RIMC-TR-NVR-BLK-S,MAIN,INVENTORY,,,1,0,true,,1,false
RIMC-TR-NVR-BLK-XXL,MAIN,INVENTORY,,,1,0,true,,1,false
RIMC-TR-ORT-BLK-2XL,MAIN,INVENTORY,,,1,0,true,,1,false
RIMC-TR-ORT-BLK-L,MAIN,INVENTORY,,,1,0,true,,1,false
RIMC-TR-ORT-BLK-M,MAIN,INVENTORY,,,1,0,true,,1,false
RIMC-TR-ORT-BLK-S,MAIN,INVENTORY,,,1,0,true,,1,false
RIMC-TR-ORT-BLK-XL,MAIN,INVENTORY,,,1,0,true,,1,false
RIMC-TR-PDL-L,MAIN,INVENTORY,,,1,0,true,,1,false
RIMC-TR-PDL-M,MAIN,INVENTORY,,,1,0,true,,1,false
RIMC-TR-PDL-S,MAIN,INVENTORY,,,1,0,true,,1,false
RIMC-TR-PDL-XL,MAIN,INVENTORY,,,1,0,true,,1,false
RIMC-TR-RMO-BLK-2XL,MAIN,INVENTORY,,,1,0,true,,1,false
RIMC-TR-RMO-BLK-L,MAIN,INVENTORY,,,1,0,true,,1,false
RIMC-TR-RMO-BLK-M,MAIN,INVENTORY,,,1,0,true,,1,false
RIMC-TR-RMO-BLK-S,MAIN,INVENTORY,,,1,0,true,,1,false
RIMC-TR-RMO-BLK-XL,MAIN,INVENTORY,,,1,0,true,,1,false
RIMC-TR-RWG-WHT-L,MAIN,INVENTORY,,,1,0,true,,1,false
RIMC-TR-RWG-WHT-M,MAIN,INVENTORY,,,1,0,true,,1,false
RIMC-TR-RWG-WHT-S,MAIN,INVENTORY,,,1,0,true,,1,false
RIMC-TR-RWG-WHT-XL,MAIN,INVENTORY,,,1,0,true,,1,false
RIMC-TR-RWG-WHT-XXL,MAIN,INVENTORY,,,1,0,true,,1,false
RIMC-TR-SGT-MRN-2XL,MAIN,INVENTORY,,,1,0,true,,1,false
RIMC-TR-SGT-MRN-L,MAIN,INVENTORY,,,1,0,true,,1,false
RIMC-TR-SHT-M,MAIN,INVENTORY,,,1,0,true,,1,false
RIMC-TR-SHT-S,MAIN,INVENTORY,,,1,0,true,,1,false
RIMC-TR-TCL-M,MAIN,INVENTORY,,,1,0,true,,1,false
RIMC-TR-TCL-S,MAIN,INVENTORY,,,1,0,true,,1,false
RIMC-TR-TKG-BLU-L,MAIN,INVENTORY,,,1,0,true,,1,false
RIMC-TR-TKG-BLU-M,MAIN,INVENTORY,,,1,0,true,,1,false
RIMC-TR-TKG-BLU-XL,MAIN,INVENTORY,,,1,0,true,,1,false
RIMC-TR-TKG-BLUXL,MAIN,INVENTORY,,,1,0,true,,1,false
RIMC-TR-TMKL-WHT-2XL,MAIN,INVENTORY,,,1,0,true,,1,false
RIMC-TR-TMKL-WHT-L,MAIN,INVENTORY,,,1,0,true,,1,false
RIMC-TR-TMKL-WHT-M,MAIN,INVENTORY,,,1,0,true,,1,false
RIMC-TR-TMKL-WHT-S,MAIN,INVENTORY,,,1,0,true,,1,false
RIMC-TR-TMKL-WHT-XL,MAIN,INVENTORY,,,1,0,true,,1,false
RIMC-TR-TRG-WHT-2XL,MAIN,INVENTORY,,,1,0,true,,1,false
RIMC-TR-TRG-WHT-L,MAIN,INVENTORY,,,1,0,true,,1,false
RIMC-TR-TRG-WHT-M,MAIN,INVENTORY,,,1,0,true,,1,false
RIMC-TR-TRG-WHT-S,MAIN,INVENTORY,,,1,0,true,,1,false
RIMC-TR-TSO-L,MAIN,INVENTORY,,,1,0,true,,1,false
RIMC-TR-TWL-L,MAIN,INVENTORY,,,1,0,true,,1,false
RIMC-TR-TWL-XL,MAIN,INVENTORY,,,1,0,true,,1,false
RIMC-TR-VCO-BLK-L,MAIN,INVENTORY,,,1,0,true,,1,false
RIMC-TR-VL-BLK-2XL,MAIN,INVENTORY,,,1,0,true,,1,false
RIMC-TR-VL-BLK-L,MAIN,INVENTORY,,,1,0,true,,1,false
RIMC-TR-VL-BLK-M,MAIN,INVENTORY,,,1,0,true,,1,false
RIMC-TR-VL-BLK-S,MAIN,INVENTORY,,,1,0,true,,1,false
RIMC-TR-VL-BLK-XL,MAIN,INVENTORY,,,1,0,true,,1,false
RIMC-TR-WLY-BLK-2XL,MAIN,INVENTORY,,,1,0,true,,1,false
RIMC-TR-WLY-BLK-L,MAIN,INVENTORY,,,1,0,true,,1,false
RIMC-TR-WLY-BLK-M,MAIN,INVENTORY,,,1,0,true,,1,false
RIMC-TR-WLY-BLK-S,MAIN,INVENTORY,,,1,0,true,,1,false
RIMC-TR-WLY-BLK-XL,MAIN,INVENTORY,,,1,0,true,,1,false
RIMC-TR-WPR-BLK-L,MAIN,INVENTORY,,,1,0,true,,1,false
RIMC-TR-WPR-BLK-M,MAIN,INVENTORY,,,1,0,true,,1,false
RIMC-TR-WSL-BLK-2XL,MAIN,INVENTORY,,,1,0,true,,1,false
RIMC-TR-WSL-BLK-L,MAIN,INVENTORY,,,1,0,true,,1,false
RIMC-TR-WSL-BLK-M,MAIN,INVENTORY,,,1,0,true,,1,false
RIMC-TR-WSL-BLK-S,MAIN,INVENTORY,,,1,0,true,,1,false
RIMC-TR-WSL-BLK-XL,MAIN,INVENTORY,,,1,0,true,,1,false
RIMC-TR-XBL-L,MAIN,INVENTORY,,,1,0,true,,1,false
RIMC-TR-XBL-M,MAIN,INVENTORY,,,1,0,true,,1,false
RIMC-TR-XBL-S,MAIN,INVENTORY,,,1,0,true,,1,false
RIMC-TR-XBL-XL,MAIN,INVENTORY,,,1,0,true,,1,false
RIMC-TR-XBL-XXL,MAIN,INVENTORY,,,1,0,true,,1,false
RIMC-TR-YNE-BLU-L,MAIN,INVENTORY,,,1,0,true,,1,false
RIMC-TR-YNE-BLU-M,MAIN,INVENTORY,,,1,0,true,,1,false
RIMC-TR-YNE-BLU-S,MAIN,INVENTORY,,,1,0,true,,1,false
RIMC-TR-YNE-BLU-XL,MAIN,INVENTORY,,,1,0,true,,1,false
RIMC-TR-YNE-BLUXL,MAIN,INVENTORY,,,1,0,true,,1,false
RIMC-TR-YNE-YL-2XL,MAIN,INVENTORY,,,1,0,true,,1,false
RIMC-TR-YNE-YL-L,MAIN,INVENTORY,,,1,0,true,,1,false
RIMC-TR-YNE-YL-M,MAIN,INVENTORY,,,1,0,true,,1,false
RIMC-TR-YNE-YL-S,MAIN,INVENTORY,,,1,0,true,,1,false
RIMC-TR-YPK-WHT-L,MAIN,INVENTORY,,,1,0,true,,1,false
RIMC-TR-YPK-WHT-M,MAIN,INVENTORY,,,1,0,true,,1,false
RIMC-TR-YPK-WHT-S,MAIN,INVENTORY,,,1,0,true,,1,false
RIMC-TR-YPK-WHT-XL,MAIN,INVENTORY,,,1,0,true,,1,false
RIMC-TR-YPK-WHT-XXL,MAIN,INVENTORY,,,1,0,true,,1,false
RIMC-TR-ZQA-BLK-L,MAIN,INVENTORY,,,1,0,true,,1,false
RIMC-TR-ZRO-YL-M,MAIN,INVENTORY,,,1,0,true,,1,false
RIMC-TR-ZRO-YL-XXL,MAIN,INVENTORY,,,1,0,true,,1,false
RIMC-VSR-BG5-CL,MAIN,INVENTORY,,,1,0,true,,1,true
RIMC-VSR-BG5-SMK,MAIN,INVENTORY,,,1,0,true,,1,true
RIMC-VSR-BG6-CL,MAIN,INVENTORY,,,1,0,true,,1,true
RIMC-VSR-BG6-SMK,MAIN,INVENTORY,,,1,0,true,,1,true
RIMC-VSR-SNL-CL,MAIN,INVENTORY,,,1,0,true,,1,true
RIMC-VSR-SNL-SMK,MAIN,INVENTORY,,,1,0,true,,1,true
RIMC-WS-BMA-NVY-L,MAIN,INVENTORY,,,1,0,true,,1,false
RIMC-WS-BMA-NVY-M,MAIN,INVENTORY,,,1,0,true,,1,false
RIMC-WS-BMA-NVY-XL,MAIN,INVENTORY,,,1,0,true,,1,false
RIMC-WS-CPA-BLK-L,MAIN,INVENTORY,,,1,0,true,,1,false
RIMC-WS-CPA-BLK-M,MAIN,INVENTORY,,,1,0,true,,1,false
RIMC-WS-CPA-BLK-S,MAIN,INVENTORY,,,1,0,true,,1,false
RIMC-WS-CPA-BLK-XL,MAIN,INVENTORY,,,1,0,true,,1,false
RIMC-WS-CPA-BLK-XXL,MAIN,INVENTORY,,,1,0,true,,1,false
RIMC-WS-ELJ-BLK-M,MAIN,INVENTORY,,,1,0,true,,1,false
RIMC-WS-ELT-BLK-2XL,MAIN,INVENTORY,,,1,0,true,,1,false
RIMC-WS-ELT-BLK-L,MAIN,INVENTORY,,,1,0,true,,1,false
RIMC-WS-ELT-BLK-M,MAIN,INVENTORY,,,1,0,true,,1,false
RIMC-WS-ELT-BLK-S,MAIN,INVENTORY,,,1,0,true,,1,false
RIMC-WS-ELT-BLK-XL,MAIN,INVENTORY,,,1,0,true,,1,false
RIMC-WS-FLM-GRY-2XL,MAIN,INVENTORY,,,1,0,true,,1,false
RIMC-WS-FLM-GRY-L,MAIN,INVENTORY,,,1,0,true,,1,false
RIMC-WS-FLM-GRY-M,MAIN,INVENTORY,,,1,0,true,,1,false
RIMC-WS-FLM-GRY-S,MAIN,INVENTORY,,,1,0,true,,1,false
RIMC-WS-FLM-GRY-XL,MAIN,INVENTORY,,,1,0,true,,1,false
RIMC-WS-NKS-GRY-L,MAIN,INVENTORY,,,1,0,true,,1,false
RIMC-WS-NKS-GRY-M,MAIN,INVENTORY,,,1,0,true,,1,false
RIMC-WS-NKS-GRY-S,MAIN,INVENTORY,,,1,0,true,,1,false
RIMC-WS-NKS-GRY-XL,MAIN,INVENTORY,,,1,0,true,,1,false
RIMC-WS-NKS-GRY-XXL,MAIN,INVENTORY,,,1,0,true,,1,false
RIMC-WS-SGL-BLK-L,MAIN,INVENTORY,,,1,0,true,,1,false
RIMC-WS-SGL-BLK-M,MAIN,INVENTORY,,,1,0,true,,1,false
RIMC-WS-SGL-BLK-S,MAIN,INVENTORY,,,1,0,true,,1,false
RIMC-WS-SGL-BLK-XL,MAIN,INVENTORY,,,1,0,true,,1,false
RIMC-WS-SGL-BLK-XXL,MAIN,INVENTORY,,,1,0,true,,1,false
RIMC-WS-SPG-BLK-L,MAIN,INVENTORY,,,1,0,true,,1,false
RIMC-WS-SPG-BLK-M,MAIN,INVENTORY,,,1,0,true,,1,false
RIMC-WS-SPG-BLK-S,MAIN,INVENTORY,,,1,0,true,,1,false
RIMC-WS-SPG-BLK-XL,MAIN,INVENTORY,,,1,0,true,,1,false
RIMC-WS-SPG-BLK-XXL,MAIN,INVENTORY,,,1,0,true,,1,false
RIMC-WS-TGR-NVY-L,MAIN,INVENTORY,,,1,0,true,,1,false
RIMC-WS-TGR-NVY-M,MAIN,INVENTORY,,,1,0,true,,1,false
RIMC-WS-TGR-NVY-S,MAIN,INVENTORY,,,1,0,true,,1,false
RIMC-WS-TGR-NVY-XL,MAIN,INVENTORY,,,1,0,true,,1,false
RIMC-WS-TGR-NVY-XXL,MAIN,INVENTORY,,,1,0,true,,1,false
RIMC-WS-VTR-KHK-L,MAIN,INVENTORY,,,1,0,true,,1,false
RIMC-WS-VTR-KHK-M,MAIN,INVENTORY,,,1,0,true,,1,false
RIMC-WS-VTR-KHK-S,MAIN,INVENTORY,,,1,0,true,,1,false
RIMC-WS-VTR-KHK-XL,MAIN,INVENTORY,,,1,0,true,,1,false
RIMC-WS-WLY-BLK-L,MAIN,INVENTORY,,,1,0,true,,1,false
RIMC-WS-WLY-BLK-XL,MAIN,INVENTORY,,,1,0,true,,1,false
